Customer_ID,Customer_Name,Segment,Country,City,State,Postal_Code,Region,Total_Sales,Total_Orders,Credit_Score,Is_Active,Effective_Date,End_Date,Record_Version,Updated_At
AA-10315,Alex Avila,Consumer,United States,Minneapolis,Minnesota,55407,Central,5563.56,11,702,True,2026-01-01,9999-12-31,1,2026-01-01T00:00:00
AA-10375,Allen Armold,Consumer,United States,Mesa,Arizona,85204,West,1056.39,15,779,True,2026-01-01,9999-12-31,1,2026-01-01T00:00:00
AA-10480,Andrew Allen,Consumer,United States,Concord,North Carolina,28027,South,1790.51,12,692,True,2026-01-01,9999-12-31,1,2026-01-01T00:00:00
AA-10645,Anna Andreadi,Consumer,United States,Chester,Pennsylvania,19013,East,5086.93,18,614,True,2026-01-01,9999-12-31,1,2026-01-01T00:00:00
AB-10015,Aaron Bergman,Consumer,United States,Seattle,Washington,98103,West,886.16,6,706,True,2026-01-01,9999-12-31,1,2026-01-01T00:00:00
AB-10060,Adam Bellavance,Home Office,United States,New York City,New York,10009,East,7755.62,18,671,True,2026-01-01,9999-12-31,1,2026-01-01T00:00:00
AB-10105,Adrian Barton,Consumer,United States,Phoenix,Arizona,85023,West,14473.57,20,788,True,2026-01-01,9999-12-31,1,2026-01-01T00:00:00
AB-10150,Aimee Bixby,Consumer,United States,Long Beach,New York,11561,East,966.71,12,620,True,2026-01-01,9999-12-31,1,2026-01-01T00:00:00
AB-10165,Alan Barnes,Consumer,United States,Los Angeles,California,90036,West,1113.84,14,702,True,2026-01-01,9999-12-31,1,2026-01-01T00:00:00
AB-10255,Alejandro Ballentine,Home Office,United States,Lorain,Ohio,44052,East,914.53,14,721,True,2026-01-01,9999-12-31,1,2026-01-01T00:00:00
AB-10600,Ann Blume,Corporate,United States,Tucson,Arizona,85705,West,1515.86,8,810,True,2026-01-01,9999-12-31,1,2026-01-01T00:00:00
AC-10420,Alyssa Crouse,Corporate,United States,San Francisco,California,94122,West,925.8,5,814,True,2026-01-01,9999-12-31,1,2026-01-01T00:00:00
AC-10450,Amy Cox,Consumer,United States,Minneapolis,Minnesota,55407,Central,5527.85,9,674,True,2026-01-01,9999-12-31,1,2026-01-01T00:00:00
AC-10615,Ann Chong,Corporate,United States,New York City,New York,10009,East,2537.69,18,802,True,2026-01-01,9999-12-31,1,2026-01-01T00:00:00
AC-10660,Anna Chung,Consumer,United States,Huntsville,Texas,77340,Central,657.32,6,687,True,2026-01-01,9999-12-31,1,2026-01-01T00:00:00
AD-10180,Alan Dominguez,Home Office,United States,Houston,Texas,77041,Central,6106.88,12,716,True,2026-01-01,9999-12-31,1,2026-01-01T00:00:00
AF-10870,Art Ferguson,Consumer,United States,College Station,Texas,77840,Central,2052.91,16,699,True,2026-01-01,9999-12-31,1,2026-01-01T00:00:00
AF-10885,Art Foster,Consumer,United States,Louisville,Kentucky,40214,South,861.56,7,703,True,2026-01-01,9999-12-31,1,2026-01-01T00:00:00
AG-10270,Alejandro Grove,Consumer,United States,West Jordan,Utah,84084,West,2582.9,14,751,True,2026-01-01,9999-12-31,1,2026-01-01T00:00:00
AG-10300,Aleksandra Gannaway,Corporate,United States,Los Angeles,California,90049,West,367.55,5,730,True,2026-01-01,9999-12-31,1,2026-01-01T00:00:00
AG-10330,Alex Grayson,Consumer,United States,Stockton,California,95207,West,660.97,9,749,True,2026-01-01,9999-12-31,1,2026-01-01T00:00:00
AG-10390,Allen Goldenen,Consumer,United States,Cincinnati,Ohio,45231,East,200.94,8,652,True,2026-01-01,9999-12-31,1,2026-01-01T00:00:00
AG-10495,Andrew Gjertsen,Corporate,United States,Philadelphia,Pennsylvania,19140,East,2356.86,21,601,True,2026-01-01,9999-12-31,1,2026-01-01T00:00:00
AG-10525,Andy Gerbode,Corporate,United States,Saint Petersburg,Florida,33710,South,1455.04,9,687,True,2026-01-01,9999-12-31,1,2026-01-01T00:00:00
AG-10675,Anna Gayman,Consumer,United States,Houston,Texas,77036,Central,3489.04,15,835,True,2026-01-01,9999-12-31,1,2026-01-01T00:00:00
AG-10765,Anthony Garverick,Home Office,United States,Philadelphia,Pennsylvania,19120,East,170.58,5,757,True,2026-01-01,9999-12-31,1,2026-01-01T00:00:00
AG-10900,Arthur Gainer,Consumer,United States,Tucson,Arizona,85705,West,4510.8,21,637,True,2026-01-01,9999-12-31,1,2026-01-01T00:00:00
AH-10030,Aaron Hawkins,Corporate,United States,Philadelphia,Pennsylvania,19134,East,1744.7,11,729,True,2026-01-01,9999-12-31,1,2026-01-01T00:00:00
AH-10075,Adam Hart,Corporate,United States,New York City,New York,10011,East,3250.34,20,791,True,2026-01-01,9999-12-31,1,2026-01-01T00:00:00
AH-10120,Adrian Hane,Home Office,United States,Tucson,Arizona,85705,West,1735.51,16,787,True,2026-01-01,9999-12-31,1,2026-01-01T00:00:00
AH-10195,Alan Haines,Corporate,United States,Tamarac,Florida,33319,South,1587.45,8,620,True,2026-01-01,9999-12-31,1,2026-01-01T00:00:00
AH-10210,Alan Hwang,Consumer,United States,Brentwood,California,94513,West,4805.34,13,760,True,2026-01-01,9999-12-31,1,2026-01-01T00:00:00
AH-10465,Amy Hunt,Consumer,United States,New York City,New York,10035,East,2495.39,8,803,True,2026-01-01,9999-12-31,1,2026-01-01T00:00:00
AH-10585,Angele Hood,Consumer,United States,Chicago,Illinois,60623,Central,738.5,5,657,True,2026-01-01,9999-12-31,1,2026-01-01T00:00:00
AH-10690,Anna Häberlin,Corporate,United States,New York City,New York,10024,East,7888.29,23,621,True,2026-01-01,9999-12-31,1,2026-01-01T00:00:00
AI-10855,Arianne Irving,Consumer,United States,Philadelphia,Pennsylvania,19120,East,4375.79,18,835,True,2026-01-01,9999-12-31,1,2026-01-01T00:00:00
AJ-10780,Anthony Jacobs,Corporate,United States,Springfield,Virginia,22153,South,4867.34,15,688,True,2026-01-01,9999-12-31,1,2026-01-01T00:00:00
AJ-10795,Anthony Johnson,Corporate,United States,Saint Petersburg,Florida,33710,South,4501.39,21,648,True,2026-01-01,9999-12-31,1,2026-01-01T00:00:00
AJ-10945,Ashley Jarboe,Consumer,United States,Wilmington,North Carolina,28403,South,1839.24,10,818,True,2026-01-01,9999-12-31,1,2026-01-01T00:00:00
AJ-10960,Astrea Jones,Consumer,United States,Rochester,New York,14609,East,629.25,5,658,True,2026-01-01,9999-12-31,1,2026-01-01T00:00:00
AM-10360,Alice McCarthy,Corporate,United States,Grand Prairie,Texas,75051,Central,814.01,12,769,True,2026-01-01,9999-12-31,1,2026-01-01T00:00:00
AM-10705,Anne McFarland,Consumer,United States,Auburn,Alabama,36830,South,5664.02,22,819,True,2026-01-01,9999-12-31,1,2026-01-01T00:00:00
AO-10810,Anthony O'Donnell,Corporate,United States,Los Angeles,California,90045,West,161.28,1,787,True,2026-01-01,9999-12-31,1,2026-01-01T00:00:00
AP-10720,Anne Pryor,Home Office,United States,New York City,New York,10035,East,1638.55,19,807,True,2026-01-01,9999-12-31,1,2026-01-01T00:00:00
AP-10915,Arthur Prichep,Consumer,United States,Palm Coast,Florida,32137,South,3323.56,31,614,True,2026-01-01,9999-12-31,1,2026-01-01T00:00:00
AR-10345,Alex Russell,Corporate,United States,Lawrence,Massachusetts,1841,East,1055.69,5,789,True,2026-01-01,9999-12-31,1,2026-01-01T00:00:00
AR-10405,Allen Rosenblatt,Corporate,United States,Franklin,Massachusetts,2038,East,2236.13,7,789,True,2026-01-01,9999-12-31,1,2026-01-01T00:00:00
AR-10510,Andrew Roberts,Consumer,United States,Philadelphia,Pennsylvania,19134,East,264.86,7,774,True,2026-01-01,9999-12-31,1,2026-01-01T00:00:00
AR-10540,Andy Reiter,Consumer,United States,New York City,New York,10024,East,6608.45,9,789,True,2026-01-01,9999-12-31,1,2026-01-01T00:00:00
AR-10570,Anemone Ratner,Consumer,United States,Columbus,Georgia,31907,South,88.15,2,650,True,2026-01-01,9999-12-31,1,2026-01-01T00:00:00
AR-10825,Anthony Rawles,Corporate,United States,Vancouver,Washington,98661,West,4523.34,13,707,True,2026-01-01,9999-12-31,1,2026-01-01T00:00:00
AS-10045,Aaron Smayling,Corporate,United States,Jacksonville,North Carolina,28540,South,3050.69,10,654,True,2026-01-01,9999-12-31,1,2026-01-01T00:00:00
AS-10090,Adam Shillingsburg,Consumer,United States,Charlottesville,Virginia,22901,South,3255.31,25,843,True,2026-01-01,9999-12-31,1,2026-01-01T00:00:00
AS-10135,Adrian Shami,Home Office,United States,New York City,New York,10035,East,58.82,3,663,True,2026-01-01,9999-12-31,1,2026-01-01T00:00:00
AS-10225,Alan Schoenberger,Corporate,United States,New York City,New York,10024,East,4260.78,13,848,True,2026-01-01,9999-12-31,1,2026-01-01T00:00:00
AS-10240,Alan Shonely,Consumer,United States,Tampa,Florida,33614,South,584.61,13,730,True,2026-01-01,9999-12-31,1,2026-01-01T00:00:00
AS-10285,Alejandro Savely,Corporate,United States,San Francisco,California,94109,West,3214.24,8,828,True,2026-01-01,9999-12-31,1,2026-01-01T00:00:00
AS-10630,Ann Steele,Home Office,United States,Pasadena,Texas,77506,Central,833.4,12,650,True,2026-01-01,9999-12-31,1,2026-01-01T00:00:00
AT-10435,Alyssa Tate,Home Office,United States,Los Angeles,California,90004,West,1171.81,9,734,True,2026-01-01,9999-12-31,1,2026-01-01T00:00:00
AT-10735,Annie Thurman,Consumer,United States,Seattle,Washington,98115,West,3831.86,16,620,True,2026-01-01,9999-12-31,1,2026-01-01T00:00:00
AW-10840,Anthony Witt,Consumer,United States,Allen,Texas,75002,Central,649.38,8,672,True,2026-01-01,9999-12-31,1,2026-01-01T00:00:00
AW-10930,Arthur Wiediger,Home Office,United States,Aurora,Illinois,60505,Central,2852.97,16,766,True,2026-01-01,9999-12-31,1,2026-01-01T00:00:00
AY-10555,Andy Yotov,Corporate,United States,Oceanside,California,92054,West,497.01,10,617,True,2026-01-01,9999-12-31,1,2026-01-01T00:00:00
AZ-10750,Annie Zypern,Consumer,United States,New York City,New York,10009,East,1622.02,12,731,True,2026-01-01,9999-12-31,1,2026-01-01T00:00:00
BB-10990,Barry Blumstein,Corporate,United States,Inglewood,California,90301,West,744.34,8,688,True,2026-01-01,9999-12-31,1,2026-01-01T00:00:00
BB-11545,Brenda Bowman,Corporate,United States,Houston,Texas,77070,Central,6765.73,20,659,True,2026-01-01,9999-12-31,1,2026-01-01T00:00:00
BC-11125,Becky Castell,Home Office,United States,Peoria,Arizona,85345,West,2933.68,18,613,True,2026-01-01,9999-12-31,1,2026-01-01T00:00:00
BD-11320,Bill Donatelli,Consumer,United States,San Francisco,California,94110,West,5718.52,19,841,True,2026-01-01,9999-12-31,1,2026-01-01T00:00:00
BD-11500,Bradley Drucker,Consumer,United States,Green Bay,Wisconsin,54302,Central,4411.24,10,849,True,2026-01-01,9999-12-31,1,2026-01-01T00:00:00
BD-11560,Brendan Dodson,Home Office,United States,Fresno,California,93727,West,320.54,4,608,True,2026-01-01,9999-12-31,1,2026-01-01T00:00:00
BD-11605,Brian Dahlen,Consumer,United States,Lawrence,Massachusetts,1841,East,3288.47,20,689,True,2026-01-01,9999-12-31,1,2026-01-01T00:00:00
BD-11620,Brian DeCherney,Consumer,United States,San Francisco,California,94122,West,1538.11,8,652,True,2026-01-01,9999-12-31,1,2026-01-01T00:00:00
BD-11635,Brian Derr,Consumer,United States,Bowling Green,Kentucky,42104,South,582.65,5,729,True,2026-01-01,9999-12-31,1,2026-01-01T00:00:00
BD-11725,Bruce Degenhardt,Consumer,United States,Richmond,Kentucky,40475,South,1526.5,10,683,True,2026-01-01,9999-12-31,1,2026-01-01T00:00:00
BD-11770,Bryan Davis,Consumer,United States,Houston,Texas,77070,Central,658.47,10,691,True,2026-01-01,9999-12-31,1,2026-01-01T00:00:00
BE-11335,Bill Eplett,Home Office,United States,Jackson,Michigan,49201,Central,4204.68,9,710,True,2026-01-01,9999-12-31,1,2026-01-01T00:00:00
BE-11410,Bobby Elias,Consumer,United States,Lancaster,Ohio,43130,East,2261.44,5,787,True,2026-01-01,9999-12-31,1,2026-01-01T00:00:00
BE-11455,Brad Eason,Home Office,United States,Olathe,Kansas,66062,Central,1727.65,13,798,True,2026-01-01,9999-12-31,1,2026-01-01T00:00:00
BF-10975,Barbara Fisher,Corporate,United States,Charlotte,North Carolina,28205,South,599.8,13,771,True,2026-01-01,9999-12-31,1,2026-01-01T00:00:00
BF-11005,Barry Franz,Home Office,United States,Pasadena,California,91104,West,1333.88,10,607,True,2026-01-01,9999-12-31,1,2026-01-01T00:00:00
BF-11020,Barry Französisch,Corporate,United States,Green Bay,Wisconsin,54302,Central,2888.51,21,774,True,2026-01-01,9999-12-31,1,2026-01-01T00:00:00
BF-11080,Bart Folk,Consumer,United States,Baltimore,Maryland,21215,East,272.95,6,634,True,2026-01-01,9999-12-31,1,2026-01-01T00:00:00
BF-11170,Ben Ferrer,Home Office,United States,Los Angeles,California,90036,West,5907.97,27,805,True,2026-01-01,9999-12-31,1,2026-01-01T00:00:00
BF-11215,Benjamin Farhat,Home Office,United States,Albuquerque,New Mexico,87105,West,1585.16,8,680,True,2026-01-01,9999-12-31,1,2026-01-01T00:00:00
BF-11275,Beth Fritzler,Corporate,United States,Tucson,Arizona,85705,West,791.99,4,763,True,2026-01-01,9999-12-31,1,2026-01-01T00:00:00
BG-11035,Barry Gonzalez,Consumer,United States,Monroe,Louisiana,71203,South,2798.95,12,649,True,2026-01-01,9999-12-31,1,2026-01-01T00:00:00
BG-11695,Brooke Gillingham,Corporate,United States,Cincinnati,Ohio,45231,East,1874.17,8,703,True,2026-01-01,9999-12-31,1,2026-01-01T00:00:00
BG-11740,Bruce Geld,Consumer,United States,Philadelphia,Pennsylvania,19120,East,1006.36,7,731,True,2026-01-01,9999-12-31,1,2026-01-01T00:00:00
BH-11710,Brosina Hoffman,Consumer,United States,Los Angeles,California,90032,West,6255.35,24,601,True,2026-01-01,9999-12-31,1,2026-01-01T00:00:00
BK-11260,Berenike Kampe,Consumer,United States,New York City,New York,10035,East,659.14,16,733,True,2026-01-01,9999-12-31,1,2026-01-01T00:00:00
BM-11140,Becky Martin,Consumer,United States,San Antonio,Texas,78207,Central,11789.63,16,653,True,2026-01-01,9999-12-31,1,2026-01-01T00:00:00
BM-11575,Brendan Murry,Corporate,United States,New York City,New York,10035,East,808.16,10,705,True,2026-01-01,9999-12-31,1,2026-01-01T00:00:00
BM-11650,Brian Moss,Corporate,United States,New York City,New York,10035,East,7294.18,29,603,True,2026-01-01,9999-12-31,1,2026-01-01T00:00:00
BM-11785,Bryan Mills,Consumer,United States,Columbus,Ohio,43229,East,1338.84,14,653,True,2026-01-01,9999-12-31,1,2026-01-01T00:00:00
BN-11470,Brad Norvell,Corporate,United States,Cary,North Carolina,27511,South,265.3,6,820,True,2026-01-01,9999-12-31,1,2026-01-01T00:00:00
BN-11515,Bradley Nguyen,Consumer,United States,Los Angeles,California,90049,West,1459.34,17,790,True,2026-01-01,9999-12-31,1,2026-01-01T00:00:00
BO-11350,Bill Overfelt,Corporate,United States,Los Angeles,California,90045,West,2682.73,12,745,True,2026-01-01,9999-12-31,1,2026-01-01T00:00:00
BO-11425,Bobby Odegard,Consumer,United States,Richmond,Kentucky,40475,South,130.83,2,817,True,2026-01-01,9999-12-31,1,2026-01-01T00:00:00
BP-11050,Barry Pond,Corporate,United States,Cranston,Rhode Island,2920,East,983.42,7,643,True,2026-01-01,9999-12-31,1,2026-01-01T00:00:00
BP-11095,Bart Pistole,Corporate,United States,Peoria,Illinois,61604,Central,2442.04,20,761,True,2026-01-01,9999-12-31,1,2026-01-01T00:00:00
BP-11155,Becky Pak,Consumer,United States,Columbus,Georgia,31907,South,1697.86,11,801,True,2026-01-01,9999-12-31,1,2026-01-01T00:00:00
BP-11185,Ben Peterman,Corporate,United States,Arvada,Colorado,80004,West,3675.86,18,789,True,2026-01-01,9999-12-31,1,2026-01-01T00:00:00
BP-11230,Benjamin Patterson,Consumer,United States,Spokane,Washington,99207,West,1181.49,6,827,True,2026-01-01,9999-12-31,1,2026-01-01T00:00:00
BP-11290,Beth Paige,Consumer,United States,Evanston,Illinois,60201,Central,2475.16,16,613,True,2026-01-01,9999-12-31,1,2026-01-01T00:00:00
BS-11365,Bill Shonely,Corporate,United States,New York City,New York,10011,East,10501.65,9,694,True,2026-01-01,9999-12-31,1,2026-01-01T00:00:00
BS-11380,Bill Stewart,Corporate,United States,Skokie,Illinois,60076,Central,3887.83,13,647,True,2026-01-01,9999-12-31,1,2026-01-01T00:00:00
BS-11590,Brendan Sweed,Corporate,United States,Gilbert,Arizona,85234,West,2454.93,10,614,True,2026-01-01,9999-12-31,1,2026-01-01T00:00:00
BS-11665,Brian Stugart,Consumer,United States,Philadelphia,Pennsylvania,19143,East,3288.11,11,799,True,2026-01-01,9999-12-31,1,2026-01-01T00:00:00
BS-11755,Bruce Stewart,Consumer,United States,Denver,Colorado,80219,West,2562.38,14,805,True,2026-01-01,9999-12-31,1,2026-01-01T00:00:00
BS-11800,Bryan Spruell,Home Office,United States,New York City,New York,10011,East,949.43,8,814,True,2026-01-01,9999-12-31,1,2026-01-01T00:00:00
BT-11305,Beth Thompson,Home Office,United States,Costa Mesa,California,92627,West,2567.66,9,848,True,2026-01-01,9999-12-31,1,2026-01-01T00:00:00
BT-11395,Bill Tyler,Corporate,United States,Detroit,Michigan,48227,Central,2186.61,10,789,True,2026-01-01,9999-12-31,1,2026-01-01T00:00:00
BT-11440,Bobby Trafton,Consumer,United States,Littleton,Colorado,80122,West,603.88,7,639,True,2026-01-01,9999-12-31,1,2026-01-01T00:00:00
BT-11485,Brad Thomas,Home Office,United States,Clinton,Maryland,20735,East,415.2,3,812,True,2026-01-01,9999-12-31,1,2026-01-01T00:00:00
BT-11530,Bradley Talbott,Home Office,United States,Los Angeles,California,90036,West,2684.49,10,807,True,2026-01-01,9999-12-31,1,2026-01-01T00:00:00
BT-11680,Brian Thompson,Consumer,United States,Newark,Ohio,43055,East,3196.75,20,836,True,2026-01-01,9999-12-31,1,2026-01-01T00:00:00
BV-11245,Benjamin Venier,Corporate,United States,Des Moines,Iowa,50315,Central,1523.27,14,681,True,2026-01-01,9999-12-31,1,2026-01-01T00:00:00
BW-11065,Barry Weirich,Consumer,United States,Raleigh,North Carolina,27604,South,385.52,3,710,True,2026-01-01,9999-12-31,1,2026-01-01T00:00:00
BW-11110,Bart Watters,Corporate,United States,Milwaukee,Wisconsin,53209,Central,4750.36,17,652,True,2026-01-01,9999-12-31,1,2026-01-01T00:00:00
BW-11200,Ben Wallace,Consumer,United States,Boynton Beach,Florida,33437,South,1738.41,10,623,True,2026-01-01,9999-12-31,1,2026-01-01T00:00:00
CA-11965,Carol Adams,Corporate,United States,Hoover,Alabama,35244,South,3789.72,10,753,True,2026-01-01,9999-12-31,1,2026-01-01T00:00:00
CA-12055,Cathy Armstrong,Home Office,United States,Houston,Texas,77070,Central,1679.72,10,816,True,2026-01-01,9999-12-31,1,2026-01-01T00:00:00
CA-12265,Christina Anderson,Consumer,United States,Chicago,Illinois,60610,Central,2648.29,17,787,True,2026-01-01,9999-12-31,1,2026-01-01T00:00:00
CA-12310,Christine Abelman,Corporate,United States,Cincinnati,Ohio,45231,East,1421.95,11,723,True,2026-01-01,9999-12-31,1,2026-01-01T00:00:00
CA-12775,Cynthia Arntzen,Consumer,United States,Tampa,Florida,33614,South,3041.57,17,836,True,2026-01-01,9999-12-31,1,2026-01-01T00:00:00
CB-12025,Cassandra Brandow,Consumer,United States,Hamilton,Ohio,45011,East,6076.14,26,640,True,2026-01-01,9999-12-31,1,2026-01-01T00:00:00
CB-12415,Christy Brittain,Consumer,United States,Columbus,Ohio,43229,East,1949.2,12,756,True,2026-01-01,9999-12-31,1,2026-01-01T00:00:00
CB-12535,Claudia Bergmann,Corporate,United States,Chapel Hill,North Carolina,27514,South,4246.46,19,614,True,2026-01-01,9999-12-31,1,2026-01-01T00:00:00
CC-12100,Chad Cunningham,Home Office,United States,Columbus,Indiana,47201,Central,1770.94,13,644,True,2026-01-01,9999-12-31,1,2026-01-01T00:00:00
CC-12145,Charles Crestani,Consumer,United States,Los Angeles,California,90004,West,2471.65,11,664,True,2026-01-01,9999-12-31,1,2026-01-01T00:00:00
CC-12220,Chris Cortes,Consumer,United States,La Porte,Indiana,46350,Central,3913.42,22,688,True,2026-01-01,9999-12-31,1,2026-01-01T00:00:00
CC-12370,Christopher Conant,Consumer,United States,Fayetteville,North Carolina,28314,South,12129.07,11,670,True,2026-01-01,9999-12-31,1,2026-01-01T00:00:00
CC-12430,Chuck Clark,Home Office,United States,Columbus,Indiana,47201,Central,2870.05,19,608,True,2026-01-01,9999-12-31,1,2026-01-01T00:00:00
CC-12475,Cindy Chapman,Consumer,United States,New York City,New York,10024,East,1659.44,13,687,True,2026-01-01,9999-12-31,1,2026-01-01T00:00:00
CC-12550,Clay Cheatham,Consumer,United States,San Francisco,California,94122,West,113.83,4,728,True,2026-01-01,9999-12-31,1,2026-01-01T00:00:00
CC-12610,Corey Catlett,Corporate,United States,Philadelphia,Pennsylvania,19134,East,2540.63,12,835,True,2026-01-01,9999-12-31,1,2026-01-01T00:00:00
CC-12670,Craig Carreira,Consumer,United States,New York City,New York,10009,East,2269.7,14,735,True,2026-01-01,9999-12-31,1,2026-01-01T00:00:00
CC-12685,Craig Carroll,Consumer,United States,Greensboro,North Carolina,27405,South,2854.12,12,815,True,2026-01-01,9999-12-31,1,2026-01-01T00:00:00
CD-11920,Carlos Daly,Consumer,United States,Lake Elsinore,California,92530,West,2033.97,9,662,True,2026-01-01,9999-12-31,1,2026-01-01T00:00:00
CD-11980,Carol Darley,Consumer,United States,Tyler,Texas,75701,Central,639.77,6,738,True,2026-01-01,9999-12-31,1,2026-01-01T00:00:00
CD-12280,Christina DeMoss,Consumer,United States,Seattle,Washington,98105,West,1205.58,13,842,True,2026-01-01,9999-12-31,1,2026-01-01T00:00:00
CD-12790,Cynthia Delaney,Home Office,United States,San Diego,California,92037,West,1860.73,15,680,True,2026-01-01,9999-12-31,1,2026-01-01T00:00:00
CG-12040,Catherine Glotzbach,Home Office,United States,Philadelphia,Pennsylvania,19120,East,904.47,9,735,True,2026-01-01,9999-12-31,1,2026-01-01T00:00:00
CG-12520,Claire Gute,Consumer,United States,Henderson,Kentucky,42420,South,1148.78,5,762,True,2026-01-01,9999-12-31,1,2026-01-01T00:00:00
CH-12070,Cathy Hwang,Home Office,United States,Raleigh,North Carolina,27604,South,1537.24,4,762,True,2026-01-01,9999-12-31,1,2026-01-01T00:00:00
CJ-11875,Carl Jackson,Corporate,United States,Philadelphia,Pennsylvania,19140,East,16.52,1,632,True,2026-01-01,9999-12-31,1,2026-01-01T00:00:00
CJ-12010,Caroline Jumper,Consumer,United States,Huntington Beach,California,92646,West,11164.97,20,722,True,2026-01-01,9999-12-31,1,2026-01-01T00:00:00
CK-12205,Chloris Kastensmidt,Consumer,United States,Philadelphia,Pennsylvania,19120,East,3154.86,32,604,True,2026-01-01,9999-12-31,1,2026-01-01T00:00:00
CK-12325,Christine Kargatis,Home Office,United States,Orem,Utah,84057,West,2945.32,12,833,True,2026-01-01,9999-12-31,1,2026-01-01T00:00:00
CK-12595,Clytie Kelty,Consumer,United States,Grove City,Ohio,43123,East,2372.75,25,830,True,2026-01-01,9999-12-31,1,2026-01-01T00:00:00
CK-12760,Cyma Kinney,Corporate,United States,Linden,New Jersey,7036,East,1582.11,14,849,True,2026-01-01,9999-12-31,1,2026-01-01T00:00:00
CL-11890,Carl Ludwig,Consumer,United States,Everett,Massachusetts,2149,East,1262.01,7,640,True,2026-01-01,9999-12-31,1,2026-01-01T00:00:00
CL-12565,Clay Ludtke,Consumer,United States,Urbandale,Iowa,50322,Central,10880.55,28,627,True,2026-01-01,9999-12-31,1,2026-01-01T00:00:00
CL-12700,Craig Leslie,Home Office,United States,Springfield,Missouri,65807,Central,2353.59,8,734,True,2026-01-01,9999-12-31,1,2026-01-01T00:00:00
CM-11815,Candace McMahon,Corporate,United States,Pasadena,Texas,77506,Central,1673.89,10,800,True,2026-01-01,9999-12-31,1,2026-01-01T00:00:00
CM-11935,Carlos Meador,Consumer,United States,Fayetteville,North Carolina,28314,South,565.39,4,671,True,2026-01-01,9999-12-31,1,2026-01-01T00:00:00
CM-12115,Chad McGuire,Consumer,United States,New York City,New York,10011,East,1661.61,7,611,True,2026-01-01,9999-12-31,1,2026-01-01T00:00:00
CM-12160,Charles McCrossin,Consumer,United States,Brownsville,Texas,78521,Central,2533.31,7,761,True,2026-01-01,9999-12-31,1,2026-01-01T00:00:00
CM-12190,Charlotte Melton,Consumer,United States,Philadelphia,Pennsylvania,19134,East,1475.14,7,632,True,2026-01-01,9999-12-31,1,2026-01-01T00:00:00
CM-12235,Chris McAfee,Consumer,United States,Carrollton,Texas,75007,Central,2305.71,8,647,True,2026-01-01,9999-12-31,1,2026-01-01T00:00:00
CM-12385,Christopher Martinez,Consumer,United States,Atlanta,Georgia,30318,South,8954.02,10,846,True,2026-01-01,9999-12-31,1,2026-01-01T00:00:00
CM-12445,Chuck Magee,Consumer,United States,San Francisco,California,94122,West,287.99,9,750,True,2026-01-01,9999-12-31,1,2026-01-01T00:00:00
CM-12655,Corinna Mitchell,Home Office,United States,Los Angeles,California,90008,West,6339.56,10,661,True,2026-01-01,9999-12-31,1,2026-01-01T00:00:00
CM-12715,Craig Molinari,Corporate,United States,Huntsville,Texas,77340,Central,3984.45,13,815,True,2026-01-01,9999-12-31,1,2026-01-01T00:00:00
CP-12085,Cathy Prescott,Corporate,United States,Norwich,Connecticut,6360,East,5402.25,14,636,True,2026-01-01,9999-12-31,1,2026-01-01T00:00:00
CP-12340,Christine Phan,Corporate,United States,New York City,New York,10009,East,5888.28,15,698,True,2026-01-01,9999-12-31,1,2026-01-01T00:00:00
CR-12580,Clay Rozendal,Home Office,United States,Elmhurst,Illinois,60126,Central,2148.85,6,771,True,2026-01-01,9999-12-31,1,2026-01-01T00:00:00
CR-12625,Corey Roper,Home Office,United States,Lakewood,New Jersey,8701,East,475.9,4,703,True,2026-01-01,9999-12-31,1,2026-01-01T00:00:00
CR-12730,Craig Reiter,Consumer,United States,Columbus,Ohio,43229,East,1600.55,6,813,True,2026-01-01,9999-12-31,1,2026-01-01T00:00:00
CR-12820,Cyra Reiten,Home Office,United States,New York City,New York,10035,East,1397.87,7,818,True,2026-01-01,9999-12-31,1,2026-01-01T00:00:00
CS-11845,Cari Sayre,Corporate,United States,Seattle,Washington,98105,West,1278.95,8,634,True,2026-01-01,9999-12-31,1,2026-01-01T00:00:00
CS-11860,Cari Schnelling,Consumer,United States,Jacksonville,North Carolina,28540,South,537.63,7,792,True,2026-01-01,9999-12-31,1,2026-01-01T00:00:00
CS-11950,Carlos Soltero,Consumer,United States,Chicago,Illinois,60610,Central,3036.55,22,826,True,2026-01-01,9999-12-31,1,2026-01-01T00:00:00
CS-12130,Chad Sievert,Consumer,United States,Los Angeles,California,90004,West,884.64,7,700,True,2026-01-01,9999-12-31,1,2026-01-01T00:00:00
CS-12175,Charles Sheldon,Corporate,United States,Columbia,Tennessee,38401,South,844.46,8,774,True,2026-01-01,9999-12-31,1,2026-01-01T00:00:00
CS-12250,Chris Selesnick,Corporate,United States,Bossier City,Louisiana,71111,South,2754.22,28,805,True,2026-01-01,9999-12-31,1,2026-01-01T00:00:00
CS-12355,Christine Sundaresam,Consumer,United States,Roswell,Georgia,30076,South,3202.16,22,730,True,2026-01-01,9999-12-31,1,2026-01-01T00:00:00
CS-12400,Christopher Schild,Home Office,United States,Chicago,Illinois,60623,Central,3651.86,14,600,True,2026-01-01,9999-12-31,1,2026-01-01T00:00:00
CS-12460,Chuck Sachs,Consumer,United States,Columbus,Georgia,31907,South,550.64,6,604,True,2026-01-01,9999-12-31,1,2026-01-01T00:00:00
CS-12490,Cindy Schnelling,Corporate,United States,Conroe,Texas,77301,Central,1077.23,9,817,True,2026-01-01,9999-12-31,1,2026-01-01T00:00:00
CS-12505,Cindy Stewart,Consumer,United States,Thomasville,North Carolina,27360,South,5690.05,9,846,True,2026-01-01,9999-12-31,1,2026-01-01T00:00:00
CT-11995,Carol Triggs,Consumer,United States,Rochester,Minnesota,55901,Central,3241.9,18,741,True,2026-01-01,9999-12-31,1,2026-01-01T00:00:00
CV-12295,Christina VanderZanden,Consumer,United States,Fresno,California,93727,West,2830.63,13,702,True,2026-01-01,9999-12-31,1,2026-01-01T00:00:00
CV-12805,Cynthia Voltz,Corporate,United States,New York City,New York,10035,East,2370.31,19,626,True,2026-01-01,9999-12-31,1,2026-01-01T00:00:00
CW-11905,Carl Weiss,Home Office,United States,Huntsville,Texas,77340,Central,1136.59,11,736,True,2026-01-01,9999-12-31,1,2026-01-01T00:00:00
CY-12745,Craig Yedwab,Corporate,United States,Oakland,California,94601,West,2900.03,11,806,True,2026-01-01,9999-12-31,1,2026-01-01T00:00:00
Co-12640,Corey-Lock,Consumer,United States,Philadelphia,Pennsylvania,19143,East,1300.08,8,614,True,2026-01-01,9999-12-31,1,2026-01-01T00:00:00
DA-13450,Dianna Arnett,Home Office,United States,Houston,Texas,77095,Central,156.76,8,689,True,2026-01-01,9999-12-31,1,2026-01-01T00:00:00
DB-12910,Daniel Byrd,Home Office,United States,Tampa,Florida,33614,South,2171.6,12,641,True,2026-01-01,9999-12-31,1,2026-01-01T00:00:00
DB-12970,Darren Budd,Corporate,United States,Los Angeles,California,90004,West,2839.23,14,723,True,2026-01-01,9999-12-31,1,2026-01-01T00:00:00
DB-13060,Dave Brooks,Consumer,United States,Seattle,Washington,98115,West,4531.65,13,804,True,2026-01-01,9999-12-31,1,2026-01-01T00:00:00
DB-13120,David Bremer,Corporate,United States,Santa Clara,California,95051,West,2973.09,14,778,True,2026-01-01,9999-12-31,1,2026-01-01T00:00:00
DB-13210,Dean Braden,Consumer,United States,Houston,Texas,77041,Central,2332.58,21,662,True,2026-01-01,9999-12-31,1,2026-01-01T00:00:00
DB-13270,Deborah Brumfield,Home Office,United States,San Diego,California,92024,West,4655.9,13,695,True,2026-01-01,9999-12-31,1,2026-01-01T00:00:00
DB-13360,Dennis Bolton,Home Office,United States,New York City,New York,10009,East,1081.47,6,830,True,2026-01-01,9999-12-31,1,2026-01-01T00:00:00
DB-13405,Denny Blanton,Consumer,United States,La Porte,Indiana,46350,Central,1711.69,14,840,True,2026-01-01,9999-12-31,1,2026-01-01T00:00:00
DB-13555,Dorothy Badders,Corporate,United States,Jacksonville,Florida,32216,South,3908.8,14,651,True,2026-01-01,9999-12-31,1,2026-01-01T00:00:00
DB-13615,Doug Bickford,Consumer,United States,Los Angeles,California,90045,West,1989.05,11,695,True,2026-01-01,9999-12-31,1,2026-01-01T00:00:00
DB-13660,Duane Benoit,Consumer,United States,Oceanside,New York,11572,East,1155.2,10,731,True,2026-01-01,9999-12-31,1,2026-01-01T00:00:00
DC-12850,Dan Campbell,Consumer,United States,Florence,Alabama,35630,South,3336.17,18,821,True,2026-01-01,9999-12-31,1,2026-01-01T00:00:00
DC-13285,Debra Catini,Consumer,United States,Cottage Grove,Minnesota,55016,Central,1174.62,7,828,True,2026-01-01,9999-12-31,1,2026-01-01T00:00:00
DD-13570,Dorothy Dickinson,Consumer,United States,Houston,Texas,77041,Central,269.54,9,750,True,2026-01-01,9999-12-31,1,2026-01-01T00:00:00
DE-13255,Deanra Eno,Home Office,United States,Springfield,Ohio,45503,East,2550.87,9,830,True,2026-01-01,9999-12-31,1,2026-01-01T00:00:00
DF-13135,David Flashing,Consumer,United States,Vallejo,California,94591,West,2390.53,6,836,True,2026-01-01,9999-12-31,1,2026-01-01T00:00:00
DG-13300,Deirdre Greer,Corporate,United States,Philadelphia,Pennsylvania,19134,East,3195.82,8,742,True,2026-01-01,9999-12-31,1,2026-01-01T00:00:00
DH-13075,Dave Hallsten,Corporate,United States,Richmond,Kentucky,40475,South,4932.87,23,770,True,2026-01-01,9999-12-31,1,2026-01-01T00:00:00
DH-13675,Duane Huffman,Home Office,United States,Quincy,Massachusetts,2169,East,1043.1,11,628,True,2026-01-01,9999-12-31,1,2026-01-01T00:00:00
DJ-13420,Denny Joy,Corporate,United States,Warner Robins,Georgia,31088,South,2012.52,5,635,True,2026-01-01,9999-12-31,1,2026-01-01T00:00:00
DJ-13510,Don Jones,Corporate,United States,Murfreesboro,Tennessee,37130,South,2501.69,13,612,True,2026-01-01,9999-12-31,1,2026-01-01T00:00:00
DJ-13630,Doug Jacobs,Consumer,United States,New York City,New York,10024,East,3356.4,8,759,True,2026-01-01,9999-12-31,1,2026-01-01T00:00:00
DK-12835,Damala Kotsonis,Corporate,United States,Salinas,California,93905,West,3256.48,27,670,True,2026-01-01,9999-12-31,1,2026-01-01T00:00:00
DK-12895,Dana Kaydos,Consumer,United States,Kenosha,Wisconsin,53142,Central,4282.18,15,786,True,2026-01-01,9999-12-31,1,2026-01-01T00:00:00
DK-12985,Darren Koutras,Consumer,United States,Henderson,Kentucky,42420,South,1687.04,8,842,True,2026-01-01,9999-12-31,1,2026-01-01T00:00:00
DK-13090,Dave Kipp,Consumer,United States,Seattle,Washington,98103,West,2650.56,13,685,True,2026-01-01,9999-12-31,1,2026-01-01T00:00:00
DK-13150,David Kendrick,Corporate,United States,Decatur,Illinois,62521,Central,797.83,5,627,True,2026-01-01,9999-12-31,1,2026-01-01T00:00:00
DK-13225,Dean Katz,Corporate,United States,Philadelphia,Pennsylvania,19140,East,4802.39,19,665,True,2026-01-01,9999-12-31,1,2026-01-01T00:00:00
DK-13375,Dennis Kane,Consumer,United States,Marion,Ohio,43302,East,3318.49,23,769,True,2026-01-01,9999-12-31,1,2026-01-01T00:00:00
DL-12865,Dan Lawera,Consumer,United States,Cincinnati,Ohio,45231,East,1503.11,14,644,True,2026-01-01,9999-12-31,1,2026-01-01T00:00:00
DL-12925,Daniel Lacy,Consumer,United States,Oceanside,California,92054,West,3272.2,14,661,True,2026-01-01,9999-12-31,1,2026-01-01T00:00:00
DL-13315,Delfina Latchford,Consumer,United States,New York City,New York,10024,East,1458.26,17,784,True,2026-01-01,9999-12-31,1,2026-01-01T00:00:00
DL-13330,Denise Leinenbach,Consumer,United States,Las Cruces,New Mexico,88001,West,585.02,8,844,True,2026-01-01,9999-12-31,1,2026-01-01T00:00:00
DL-13495,Dionis Lloyd,Corporate,United States,San Francisco,California,94110,West,3539.32,12,733,True,2026-01-01,9999-12-31,1,2026-01-01T00:00:00
DM-12955,Dario Medina,Corporate,United States,Lincoln Park,Michigan,48146,Central,1322.03,9,627,True,2026-01-01,9999-12-31,1,2026-01-01T00:00:00
DM-13015,Darrin Martin,Consumer,United States,Encinitas,California,92024,West,6345.1,20,627,True,2026-01-01,9999-12-31,1,2026-01-01T00:00:00
DM-13345,Denise Monton,Corporate,United States,Roswell,Georgia,30076,South,4074.47,13,707,True,2026-01-01,9999-12-31,1,2026-01-01T00:00:00
DM-13525,Don Miller,Corporate,United States,Houston,Texas,77070,Central,1376.79,10,643,True,2026-01-01,9999-12-31,1,2026-01-01T00:00:00
DN-13690,Duane Noonan,Consumer,United States,San Francisco,California,94122,West,2139.79,11,683,True,2026-01-01,9999-12-31,1,2026-01-01T00:00:00
DO-13435,Denny Ordway,Consumer,United States,Pembroke Pines,Florida,33024,South,1300.03,13,629,True,2026-01-01,9999-12-31,1,2026-01-01T00:00:00
DO-13645,Doug O'Connell,Consumer,United States,Los Angeles,California,90036,West,1267.32,11,789,True,2026-01-01,9999-12-31,1,2026-01-01T00:00:00
DP-13000,Darren Powers,Consumer,United States,New Albany,Indiana,47150,Central,1050.64,17,674,True,2026-01-01,9999-12-31,1,2026-01-01T00:00:00
DP-13105,Dave Poirier,Corporate,United States,Salinas,California,93905,West,2215.0,14,727,True,2026-01-01,9999-12-31,1,2026-01-01T00:00:00
DP-13165,David Philippe,Consumer,United States,New York City,New York,10035,East,1058.62,4,849,True,2026-01-01,9999-12-31,1,2026-01-01T00:00:00
DP-13390,Dennis Pardue,Home Office,United States,Peoria,Illinois,61604,Central,5480.72,14,846,True,2026-01-01,9999-12-31,1,2026-01-01T00:00:00
DR-12880,Dan Reichenbach,Corporate,United States,Chicago,Illinois,60623,Central,6528.03,24,691,True,2026-01-01,9999-12-31,1,2026-01-01T00:00:00
DR-12940,Daniel Raglin,Home Office,United States,Franklin,Massachusetts,2038,East,8350.87,13,816,True,2026-01-01,9999-12-31,1,2026-01-01T00:00:00
DS-13030,Darrin Sayre,Home Office,United States,Seattle,Washington,98115,West,1762.21,19,830,True,2026-01-01,9999-12-31,1,2026-01-01T00:00:00
DS-13180,David Smith,Corporate,United States,Detroit,Michigan,48227,Central,2881.81,20,789,True,2026-01-01,9999-12-31,1,2026-01-01T00:00:00
DV-13045,Darrin Van Huff,Corporate,United States,Los Angeles,California,90036,West,1119.48,9,824,True,2026-01-01,9999-12-31,1,2026-01-01T00:00:00
DV-13465,Dianna Vittorini,Consumer,United States,Denver,Colorado,80219,West,3341.59,15,728,True,2026-01-01,9999-12-31,1,2026-01-01T00:00:00
DW-13195,David Wiener,Corporate,United States,Houston,Texas,77095,Central,1080.75,9,720,True,2026-01-01,9999-12-31,1,2026-01-01T00:00:00
DW-13480,Dianna Wilson,Home Office,United States,Lakeville,Minnesota,55044,Central,5271.63,11,626,True,2026-01-01,9999-12-31,1,2026-01-01T00:00:00
DW-13540,Don Weiss,Consumer,United States,Seattle,Washington,98105,West,344.08,9,789,True,2026-01-01,9999-12-31,1,2026-01-01T00:00:00
DW-13585,Dorothy Wardle,Corporate,United States,Columbus,Ohio,43229,East,1204.85,10,720,True,2026-01-01,9999-12-31,1,2026-01-01T00:00:00
Dl-13600,Dorris liebe,Corporate,United States,Pasadena,Texas,77506,Central,755.6,6,715,True,2026-01-01,9999-12-31,1,2026-01-01T00:00:00
Dp-13240,Dean percer,Home Office,United States,Murray,Utah,84107,West,7198.76,29,804,True,2026-01-01,9999-12-31,1,2026-01-01T00:00:00
EA-14035,Erin Ashbrook,Corporate,United States,Charlotte,North Carolina,28205,South,2846.7,25,832,True,2026-01-01,9999-12-31,1,2026-01-01T00:00:00
EB-13705,Ed Braxton,Corporate,United States,Akron,Ohio,44312,East,3644.98,12,602,True,2026-01-01,9999-12-31,1,2026-01-01T00:00:00
EB-13750,Edward Becker,Corporate,United States,Seattle,Washington,98103,West,3236.31,20,702,True,2026-01-01,9999-12-31,1,2026-01-01T00:00:00
EB-13840,Ellis Ballard,Corporate,United States,Seattle,Washington,98105,West,4358.13,8,797,True,2026-01-01,9999-12-31,1,2026-01-01T00:00:00
EB-13870,Emily Burns,Consumer,United States,Orem,Utah,84057,West,2767.22,11,799,True,2026-01-01,9999-12-31,1,2026-01-01T00:00:00
EB-13930,Eric Barreto,Consumer,United States,San Francisco,California,94110,West,944.6,7,754,True,2026-01-01,9999-12-31,1,2026-01-01T00:00:00
EB-13975,Erica Bern,Corporate,United States,Fairfield,California,94533,West,1643.26,6,736,True,2026-01-01,9999-12-31,1,2026-01-01T00:00:00
EB-14110,Eugene Barchas,Consumer,United States,Philadelphia,Pennsylvania,19134,East,3071.13,11,661,True,2026-01-01,9999-12-31,1,2026-01-01T00:00:00
EB-14170,Evan Bailliet,Consumer,United States,Wilmington,North Carolina,28403,South,1186.33,7,764,True,2026-01-01,9999-12-31,1,2026-01-01T00:00:00
EC-14050,Erin Creighton,Consumer,United States,New York City,New York,10024,East,461.91,7,824,True,2026-01-01,9999-12-31,1,2026-01-01T00:00:00
ED-13885,Emily Ducich,Home Office,United States,San Diego,California,92037,West,3484.92,14,650,True,2026-01-01,9999-12-31,1,2026-01-01T00:00:00
EG-13900,Emily Grady,Consumer,United States,Oceanside,New York,11572,East,1832.02,9,833,True,2026-01-01,9999-12-31,1,2026-01-01T00:00:00
EH-13765,Edward Hooks,Corporate,United States,Watertown,New York,13601,East,10310.88,32,771,True,2026-01-01,9999-12-31,1,2026-01-01T00:00:00
EH-13945,Eric Hoffmann,Consumer,United States,Los Angeles,California,90049,West,684.17,17,751,True,2026-01-01,9999-12-31,1,2026-01-01T00:00:00
EH-13990,Erica Hackney,Consumer,United States,Roswell,Georgia,30076,South,825.95,8,806,True,2026-01-01,9999-12-31,1,2026-01-01T00:00:00
EH-14005,Erica Hernandez,Home Office,United States,Denver,Colorado,80219,West,1219.53,11,658,True,2026-01-01,9999-12-31,1,2026-01-01T00:00:00
EH-14125,Eugene Hildebrand,Home Office,United States,Aurora,Illinois,60505,Central,3082.65,18,717,True,2026-01-01,9999-12-31,1,2026-01-01T00:00:00
EH-14185,Evan Henry,Consumer,United States,Decatur,Alabama,35601,South,923.88,8,759,True,2026-01-01,9999-12-31,1,2026-01-01T00:00:00
EJ-13720,Ed Jacobs,Consumer,United States,San Diego,California,92037,West,2162.17,8,695,True,2026-01-01,9999-12-31,1,2026-01-01T00:00:00
EJ-14155,Eva Jacobs,Consumer,United States,Gulfport,Mississippi,39503,South,2656.69,8,815,True,2026-01-01,9999-12-31,1,2026-01-01T00:00:00
EK-13795,Eileen Kiefer,Home Office,United States,Santa Ana,California,92704,West,1303.48,4,832,True,2026-01-01,9999-12-31,1,2026-01-01T00:00:00
EL-13735,Ed Ludwig,Home Office,United States,Columbia,Maryland,21044,East,124.28,2,779,True,2026-01-01,9999-12-31,1,2026-01-01T00:00:00
EM-13810,Eleni McCrary,Corporate,United States,Los Angeles,California,90036,West,2567.01,7,712,True,2026-01-01,9999-12-31,1,2026-01-01T00:00:00
EM-13825,Elizabeth Moffitt,Corporate,United States,Sioux Falls,South Dakota,57103,Central,2339.6,16,661,True,2026-01-01,9999-12-31,1,2026-01-01T00:00:00
EM-13960,Eric Murdock,Consumer,United States,Philadelphia,Pennsylvania,19134,East,933.7,6,840,True,2026-01-01,9999-12-31,1,2026-01-01T00:00:00
EM-14065,Erin Mull,Consumer,United States,New York City,New York,10024,East,228.99,6,785,True,2026-01-01,9999-12-31,1,2026-01-01T00:00:00
EM-14095,Eudokia Martin,Corporate,United States,Los Angeles,California,90036,West,1041.04,10,651,True,2026-01-01,9999-12-31,1,2026-01-01T00:00:00
EM-14140,Eugene Moren,Home Office,United States,Glendale,Arizona,85301,West,4588.44,21,611,True,2026-01-01,9999-12-31,1,2026-01-01T00:00:00
EM-14200,Evan Minnotte,Home Office,United States,Virginia Beach,Virginia,23464,South,366.82,4,638,True,2026-01-01,9999-12-31,1,2026-01-01T00:00:00
EN-13780,Edward Nazzal,Consumer,United States,New York City,New York,10035,East,2199.37,9,729,True,2026-01-01,9999-12-31,1,2026-01-01T00:00:00
EP-13915,Emily Phan,Consumer,United States,Chicago,Illinois,60653,Central,5478.06,31,730,True,2026-01-01,9999-12-31,1,2026-01-01T00:00:00
ER-13855,Elpida Rittenbach,Corporate,United States,Saint Paul,Minnesota,55106,Central,1245.79,5,712,True,2026-01-01,9999-12-31,1,2026-01-01T00:00:00
ES-14020,Erica Smith,Consumer,United States,San Francisco,California,94110,West,3510.46,8,700,True,2026-01-01,9999-12-31,1,2026-01-01T00:00:00
ES-14080,Erin Smith,Corporate,United States,Melbourne,Florida,32935,South,4657.92,20,712,True,2026-01-01,9999-12-31,1,2026-01-01T00:00:00
FA-14230,Frank Atkinson,Corporate,United States,Long Beach,California,90805,West,2984.05,17,783,True,2026-01-01,9999-12-31,1,2026-01-01T00:00:00
FC-14245,Frank Carlisle,Home Office,United States,Lakewood,Ohio,44107,East,3418.74,14,680,True,2026-01-01,9999-12-31,1,2026-01-01T00:00:00
FC-14335,Fred Chung,Corporate,United States,Mesquite,Texas,75150,Central,3889.37,10,786,True,2026-01-01,9999-12-31,1,2026-01-01T00:00:00
FG-14260,Frank Gastineau,Home Office,United States,San Francisco,California,94110,West,1383.14,11,712,True,2026-01-01,9999-12-31,1,2026-01-01T00:00:00
FH-14275,Frank Hawley,Corporate,United States,La Porte,Indiana,46350,Central,4256.27,21,601,True,2026-01-01,9999-12-31,1,2026-01-01T00:00:00
FH-14350,Fred Harton,Consumer,United States,Seattle,Washington,98105,West,2271.28,14,729,True,2026-01-01,9999-12-31,1,2026-01-01T00:00:00
FH-14365,Fred Hopkins,Corporate,United States,Philadelphia,Pennsylvania,19120,East,6987.2,13,819,True,2026-01-01,9999-12-31,1,2026-01-01T00:00:00
FM-14215,Filia McAdams,Corporate,United States,Dublin,Ohio,43017,East,2456.64,15,653,True,2026-01-01,9999-12-31,1,2026-01-01T00:00:00
FM-14290,Frank Merwin,Home Office,United States,Los Angeles,California,90032,West,3736.2,20,686,True,2026-01-01,9999-12-31,1,2026-01-01T00:00:00
FM-14380,Fred McMath,Consumer,United States,Aurora,Colorado,80013,West,2523.27,14,828,True,2026-01-01,9999-12-31,1,2026-01-01T00:00:00
FO-14305,Frank Olsen,Consumer,United States,New York City,New York,10035,East,2678.44,15,823,True,2026-01-01,9999-12-31,1,2026-01-01T00:00:00
FP-14320,Frank Preis,Consumer,United States,Los Angeles,California,90008,West,4046.75,14,824,True,2026-01-01,9999-12-31,1,2026-01-01T00:00:00
FW-14395,Fred Wasserman,Corporate,United States,Huntsville,Alabama,35810,South,79.75,3,728,True,2026-01-01,9999-12-31,1,2026-01-01T00:00:00
GA-14515,George Ashbrook,Consumer,United States,San Francisco,California,94122,West,3919.78,14,746,True,2026-01-01,9999-12-31,1,2026-01-01T00:00:00
GA-14725,Guy Armstrong,Consumer,United States,Lorain,Ohio,44052,East,1398.38,22,725,True,2026-01-01,9999-12-31,1,2026-01-01T00:00:00
GB-14530,George Bell,Corporate,United States,Auburn,New York,13021,East,1568.44,20,729,True,2026-01-01,9999-12-31,1,2026-01-01T00:00:00
GB-14575,Giulietta Baptist,Consumer,United States,Philadelphia,Pennsylvania,19134,East,4716.29,16,652,True,2026-01-01,9999-12-31,1,2026-01-01T00:00:00
GD-14590,Giulietta Dortch,Corporate,United States,Philadelphia,Pennsylvania,19143,East,1888.07,6,771,True,2026-01-01,9999-12-31,1,2026-01-01T00:00:00
GG-14650,Greg Guthrie,Corporate,United States,Bristol,Tennessee,37620,South,2224.0,24,817,True,2026-01-01,9999-12-31,1,2026-01-01T00:00:00
GH-14410,Gary Hansen,Home Office,United States,Glendale,Arizona,85301,West,2819.47,17,759,True,2026-01-01,9999-12-31,1,2026-01-01T00:00:00
GH-14425,Gary Hwang,Consumer,United States,Tucson,Arizona,85705,West,4172.85,10,797,True,2026-01-01,9999-12-31,1,2026-01-01T00:00:00
GH-14485,Gene Hale,Corporate,United States,Richardson,Texas,75080,Central,1361.24,3,759,True,2026-01-01,9999-12-31,1,2026-01-01T00:00:00
GH-14665,Greg Hansen,Consumer,United States,Round Rock,Texas,78664,Central,146.94,3,846,True,2026-01-01,9999-12-31,1,2026-01-01T00:00:00
GK-14620,Grace Kelly,Corporate,United States,Hesperia,California,92345,West,6497.27,14,667,True,2026-01-01,9999-12-31,1,2026-01-01T00:00:00
GM-14440,Gary McGarr,Consumer,United States,San Francisco,California,94122,West,3582.82,11,782,True,2026-01-01,9999-12-31,1,2026-01-01T00:00:00
GM-14455,Gary Mitchum,Home Office,United States,Houston,Texas,77095,Central,3078.62,12,802,True,2026-01-01,9999-12-31,1,2026-01-01T00:00:00
GM-14500,Gene McClure,Consumer,United States,Providence,Rhode Island,2908,East,1255.68,13,783,True,2026-01-01,9999-12-31,1,2026-01-01T00:00:00
GM-14680,Greg Matthias,Consumer,United States,Seattle,Washington,98105,West,3163.63,11,722,True,2026-01-01,9999-12-31,1,2026-01-01T00:00:00
GM-14695,Greg Maxwell,Corporate,United States,Los Angeles,California,90036,West,6049.97,11,744,True,2026-01-01,9999-12-31,1,2026-01-01T00:00:00
GP-14740,Guy Phonely,Corporate,United States,Lancaster,Pennsylvania,17602,East,236.53,5,637,True,2026-01-01,9999-12-31,1,2026-01-01T00:00:00
GR-14560,Georgia Rosenberg,Corporate,United States,San Francisco,California,94110,West,1284.38,5,623,True,2026-01-01,9999-12-31,1,2026-01-01T00:00:00
GT-14635,Grant Thornton,Corporate,United States,Burlington,North Carolina,27217,South,9351.21,6,668,True,2026-01-01,9999-12-31,1,2026-01-01T00:00:00
GT-14710,Greg Tran,Consumer,United States,Houston,Texas,77070,Central,11820.12,29,715,True,2026-01-01,9999-12-31,1,2026-01-01T00:00:00
GT-14755,Guy Thornton,Consumer,United States,Harlingen,Texas,78550,Central,226.44,7,697,True,2026-01-01,9999-12-31,1,2026-01-01T00:00:00
GW-14605,Giulietta Weimer,Consumer,United States,Seattle,Washington,98115,West,2189.02,9,797,True,2026-01-01,9999-12-31,1,2026-01-01T00:00:00
GZ-14470,Gary Zandusky,Consumer,United States,Rochester,Minnesota,55901,Central,4355.15,14,813,True,2026-01-01,9999-12-31,1,2026-01-01T00:00:00
GZ-14545,George Zrebassa,Corporate,United States,Lawrence,Massachusetts,1841,East,2454.62,5,738,True,2026-01-01,9999-12-31,1,2026-01-01T00:00:00
HA-14905,Helen Abelman,Consumer,United States,New York City,New York,10024,East,2163.3,10,839,True,2026-01-01,9999-12-31,1,2026-01-01T00:00:00
HA-14920,Helen Andreada,Consumer,United States,Pasadena,California,91104,West,2584.16,18,743,True,2026-01-01,9999-12-31,1,2026-01-01T00:00:00
HD-14785,Harold Dahlen,Home Office,United States,Philadelphia,Pennsylvania,19143,East,251.36,7,696,True,2026-01-01,9999-12-31,1,2026-01-01T00:00:00
HE-14800,Harold Engle,Corporate,United States,Chicago,Illinois,60623,Central,883.53,11,800,True,2026-01-01,9999-12-31,1,2026-01-01T00:00:00
HF-14995,Herbert Flentye,Consumer,United States,Indianapolis,Indiana,46203,Central,2533.16,19,723,True,2026-01-01,9999-12-31,1,2026-01-01T00:00:00
HG-14845,Harry Greene,Consumer,United States,Lake Charles,Louisiana,70601,South,785.63,10,786,True,2026-01-01,9999-12-31,1,2026-01-01T00:00:00
HG-14965,Henry Goldwyn,Corporate,United States,Los Angeles,California,90032,West,3247.64,17,669,True,2026-01-01,9999-12-31,1,2026-01-01T00:00:00
HG-15025,Hunter Glantz,Consumer,United States,Amarillo,Texas,79109,Central,3690.28,11,807,True,2026-01-01,9999-12-31,1,2026-01-01T00:00:00
HH-15010,Hilary Holden,Corporate,United States,San Francisco,California,94110,West,218.67,6,692,True,2026-01-01,9999-12-31,1,2026-01-01T00:00:00
HJ-14875,Heather Jas,Home Office,United States,Jacksonville,Florida,32216,South,358.1,6,602,True,2026-01-01,9999-12-31,1,2026-01-01T00:00:00
HK-14890,Heather Kirkland,Corporate,United States,Franklin,Tennessee,37064,South,4877.78,15,747,True,2026-01-01,9999-12-31,1,2026-01-01T00:00:00
HL-15040,Hunter Lopez,Consumer,United States,Houston,Texas,77095,Central,12873.3,11,786,True,2026-01-01,9999-12-31,1,2026-01-01T00:00:00
HM-14860,Harry Marie,Corporate,United States,Philadelphia,Pennsylvania,19120,East,8236.76,20,763,True,2026-01-01,9999-12-31,1,2026-01-01T00:00:00
HM-14980,Henry MacAllister,Consumer,United States,New York City,New York,10009,East,736.28,7,746,True,2026-01-01,9999-12-31,1,2026-01-01T00:00:00
HP-14815,Harold Pawlan,Home Office,United States,Fort Worth,Texas,76106,Central,1990.31,10,689,True,2026-01-01,9999-12-31,1,2026-01-01T00:00:00
HR-14770,Hallie Redmond,Home Office,United States,Los Angeles,California,90045,West,1299.29,13,794,True,2026-01-01,9999-12-31,1,2026-01-01T00:00:00
HR-14830,Harold Ryan,Corporate,United States,Seattle,Washington,98103,West,5248.79,14,746,True,2026-01-01,9999-12-31,1,2026-01-01T00:00:00
HW-14935,Helen Wasserman,Corporate,United States,San Diego,California,92105,West,9300.25,20,747,True,2026-01-01,9999-12-31,1,2026-01-01T00:00:00
HZ-14950,Henia Zydlo,Consumer,United States,Columbus,Ohio,43229,East,886.52,6,695,True,2026-01-01,9999-12-31,1,2026-01-01T00:00:00
IG-15085,Ivan Gibson,Consumer,United States,San Diego,California,92024,West,744.57,7,798,True,2026-01-01,9999-12-31,1,2026-01-01T00:00:00
IL-15100,Ivan Liston,Consumer,United States,San Francisco,California,94122,West,5040.74,14,651,True,2026-01-01,9999-12-31,1,2026-01-01T00:00:00
IM-15055,Ionia McGrath,Consumer,United States,Roseville,California,95661,West,2872.63,4,832,True,2026-01-01,9999-12-31,1,2026-01-01T00:00:00
IM-15070,Irene Maddox,Consumer,United States,Seattle,Washington,98103,West,4930.47,21,760,True,2026-01-01,9999-12-31,1,2026-01-01T00:00:00
JA-15970,Joseph Airdo,Consumer,United States,Phoenix,Arizona,85023,West,6491.03,24,767,True,2026-01-01,9999-12-31,1,2026-01-01T00:00:00
JB-15400,Jennifer Braxton,Corporate,United States,Chicago,Illinois,60623,Central,1791.6,16,727,True,2026-01-01,9999-12-31,1,2026-01-01T00:00:00
JB-15925,Joni Blumstein,Consumer,United States,Dublin,Ohio,43017,East,900.55,8,638,True,2026-01-01,9999-12-31,1,2026-01-01T00:00:00
JB-16000,Joy Bell-,Consumer,United States,Brownsville,Texas,78521,Central,644.12,7,681,True,2026-01-01,9999-12-31,1,2026-01-01T00:00:00
JB-16045,Julia Barnett,Home Office,United States,Columbus,Georgia,31907,South,2518.11,9,703,True,2026-01-01,9999-12-31,1,2026-01-01T00:00:00
JC-15340,Jasper Cacioppo,Consumer,United States,Los Angeles,California,90032,West,71.26,4,728,True,2026-01-01,9999-12-31,1,2026-01-01T00:00:00
JC-15385,Jenna Caffey,Consumer,United States,Kent,Washington,98031,West,1058.11,4,610,True,2026-01-01,9999-12-31,1,2026-01-01T00:00:00
JC-15775,John Castell,Consumer,United States,San Antonio,Texas,78207,Central,2772.06,16,819,True,2026-01-01,9999-12-31,1,2026-01-01T00:00:00
JC-16105,Julie Creighton,Corporate,United States,Durham,North Carolina,27707,South,858.58,9,784,True,2026-01-01,9999-12-31,1,2026-01-01T00:00:00
JD-15790,John Dryer,Consumer,United States,Coppell,Texas,75019,Central,2152.35,7,816,True,2026-01-01,9999-12-31,1,2026-01-01T00:00:00
JD-15895,Jonathan Doherty,Corporate,United States,Philadelphia,Pennsylvania,19140,East,7610.86,32,777,True,2026-01-01,9999-12-31,1,2026-01-01T00:00:00
JD-16015,Joy Daniels,Consumer,United States,Chicago,Illinois,60610,Central,385.43,11,750,True,2026-01-01,9999-12-31,1,2026-01-01T00:00:00
JD-16060,Julia Dunbar,Consumer,United States,San Francisco,California,94109,West,695.44,6,758,True,2026-01-01,9999-12-31,1,2026-01-01T00:00:00
JD-16150,Justin Deggeller,Corporate,United States,Minneapolis,Minnesota,55407,Central,8828.03,17,821,True,2026-01-01,9999-12-31,1,2026-01-01T00:00:00
JE-15475,Jeremy Ellison,Consumer,United States,Troy,New York,12180,East,1388.68,13,641,True,2026-01-01,9999-12-31,1,2026-01-01T00:00:00
JE-15610,Jim Epp,Corporate,United States,Milwaukee,Wisconsin,53209,Central,7754.98,20,698,True,2026-01-01,9999-12-31,1,2026-01-01T00:00:00
JE-15715,Joe Elijah,Consumer,United States,Broomfield,Colorado,80020,West,8697.84,22,606,True,2026-01-01,9999-12-31,1,2026-01-01T00:00:00
JE-15745,Joel Eaton,Consumer,United States,Memphis,Tennessee,38109,South,6760.81,23,743,True,2026-01-01,9999-12-31,1,2026-01-01T00:00:00
JE-16165,Justin Ellison,Corporate,United States,Franklin,Wisconsin,53132,Central,2697.25,7,689,True,2026-01-01,9999-12-31,1,2026-01-01T00:00:00
JF-15190,Jamie Frazer,Consumer,United States,Los Angeles,California,90008,West,2279.59,19,711,True,2026-01-01,9999-12-31,1,2026-01-01T00:00:00
JF-15295,Jason Fortune-,Consumer,United States,Seattle,Washington,98103,West,955.12,14,848,True,2026-01-01,9999-12-31,1,2026-01-01T00:00:00
JF-15355,Jay Fein,Consumer,United States,Austin,Texas,78745,Central,1911.84,16,843,True,2026-01-01,9999-12-31,1,2026-01-01T00:00:00
JF-15415,Jennifer Ferguson,Consumer,United States,New York City,New York,10024,East,2371.45,14,659,True,2026-01-01,9999-12-31,1,2026-01-01T00:00:00
JF-15490,Jeremy Farry,Consumer,United States,Seattle,Washington,98105,West,1082.92,15,712,True,2026-01-01,9999-12-31,1,2026-01-01T00:00:00
JF-15565,Jill Fjeld,Consumer,United States,Dallas,Texas,75081,Central,4198.33,16,601,True,2026-01-01,9999-12-31,1,2026-01-01T00:00:00
JG-15115,Jack Garza,Consumer,United States,Des Moines,Washington,98198,West,2358.68,7,728,True,2026-01-01,9999-12-31,1,2026-01-01T00:00:00
JG-15160,James Galang,Consumer,United States,Los Angeles,California,90049,West,6366.39,18,647,True,2026-01-01,9999-12-31,1,2026-01-01T00:00:00
JG-15310,Jason Gross,Corporate,United States,Providence,Rhode Island,2908,East,2240.58,11,739,True,2026-01-01,9999-12-31,1,2026-01-01T00:00:00
JG-15805,John Grady,Corporate,United States,New York City,New York,10024,East,1507.02,9,796,True,2026-01-01,9999-12-31,1,2026-01-01T00:00:00
JH-15430,Jennifer Halladay,Consumer,United States,Burlington,North Carolina,27217,South,309.28,7,636,True,2026-01-01,9999-12-31,1,2026-01-01T00:00:00
JH-15820,John Huston,Consumer,United States,Kent,Ohio,44240,East,528.91,8,759,True,2026-01-01,9999-12-31,1,2026-01-01T00:00:00
JH-15910,Jonathan Howell,Consumer,United States,Los Angeles,California,90032,West,959.48,9,846,True,2026-01-01,9999-12-31,1,2026-01-01T00:00:00
JH-15985,Joseph Holt,Consumer,United States,Saginaw,Michigan,48601,Central,7955.0,14,608,True,2026-01-01,9999-12-31,1,2026-01-01T00:00:00
JH-16180,Justin Hirsh,Consumer,United States,Pueblo,Colorado,81001,West,2256.39,5,832,True,2026-01-01,9999-12-31,1,2026-01-01T00:00:00
JJ-15445,Jennifer Jackson,Consumer,United States,Los Angeles,California,90004,West,709.18,6,698,True,2026-01-01,9999-12-31,1,2026-01-01T00:00:00
JJ-15760,Joel Jenkins,Home Office,United States,Springfield,Virginia,22153,South,195.0,3,746,True,2026-01-01,9999-12-31,1,2026-01-01T00:00:00
JK-15205,Jamie Kunitz,Consumer,United States,San Francisco,California,94122,West,4427.14,13,647,True,2026-01-01,9999-12-31,1,2026-01-01T00:00:00
JK-15325,Jason Klamczynski,Corporate,United States,Dallas,Texas,75220,Central,383.81,4,807,True,2026-01-01,9999-12-31,1,2026-01-01T00:00:00
JK-15370,Jay Kimmel,Consumer,United States,Long Beach,California,90805,West,2709.63,17,730,True,2026-01-01,9999-12-31,1,2026-01-01T00:00:00
JK-15625,Jim Karlsson,Consumer,United States,Seattle,Washington,98115,West,3760.03,12,747,True,2026-01-01,9999-12-31,1,2026-01-01T00:00:00
JK-15640,Jim Kriz,Home Office,United States,New York City,New York,10009,East,4760.43,12,751,True,2026-01-01,9999-12-31,1,2026-01-01T00:00:00
JK-15730,Joe Kamberova,Consumer,United States,Asheville,North Carolina,28806,South,4867.2,20,653,True,2026-01-01,9999-12-31,1,2026-01-01T00:00:00
JK-16090,Juliana Krohn,Consumer,United States,Omaha,Nebraska,68104,Central,3747.67,9,719,True,2026-01-01,9999-12-31,1,2026-01-01T00:00:00
JK-16120,Julie Kriz,Home Office,United States,Aurora,Illinois,60505,Central,2932.48,17,760,True,2026-01-01,9999-12-31,1,2026-01-01T00:00:00
JL-15130,Jack Lebron,Consumer,United States,Houston,Texas,77036,Central,1214.96,12,751,True,2026-01-01,9999-12-31,1,2026-01-01T00:00:00
JL-15175,James Lanier,Home Office,United States,Columbia,Tennessee,38401,South,1571.52,7,715,True,2026-01-01,9999-12-31,1,2026-01-01T00:00:00
JL-15235,Janet Lee,Consumer,United States,Chicago,Illinois,60623,Central,2203.7,10,674,True,2026-01-01,9999-12-31,1,2026-01-01T00:00:00
JL-15505,Jeremy Lonsdale,Consumer,United States,New York City,New York,10035,East,3173.87,17,712,True,2026-01-01,9999-12-31,1,2026-01-01T00:00:00
JL-15835,John Lee,Consumer,United States,Mission Viejo,California,92691,West,9799.92,34,799,True,2026-01-01,9999-12-31,1,2026-01-01T00:00:00
JL-15850,John Lucas,Consumer,United States,Philadelphia,Pennsylvania,19134,East,2725.26,11,763,True,2026-01-01,9999-12-31,1,2026-01-01T00:00:00
JM-15250,Janet Martin,Consumer,United States,Charlotte,North Carolina,28205,South,3159.12,19,765,True,2026-01-01,9999-12-31,1,2026-01-01T00:00:00
JM-15265,Janet Molinari,Corporate,United States,New York City,New York,10024,East,1804.15,13,703,True,2026-01-01,9999-12-31,1,2026-01-01T00:00:00
JM-15535,Jessica Myrick,Consumer,United States,Philadelphia,Pennsylvania,19143,East,1733.44,10,683,True,2026-01-01,9999-12-31,1,2026-01-01T00:00:00
JM-15580,Jill Matthias,Consumer,United States,Monroe,North Carolina,28110,South,303.95,7,826,True,2026-01-01,9999-12-31,1,2026-01-01T00:00:00
JM-15655,Jim Mitchum,Corporate,United States,Bridgeton,New Jersey,8302,East,864.95,12,711,True,2026-01-01,9999-12-31,1,2026-01-01T00:00:00
JM-15865,John Murray,Consumer,United States,Jamestown,New York,14701,East,7625.08,13,816,True,2026-01-01,9999-12-31,1,2026-01-01T00:00:00
JM-16195,Justin MacKendrick,Consumer,United States,Los Angeles,California,90004,West,2833.93,19,698,True,2026-01-01,9999-12-31,1,2026-01-01T00:00:00
JO-15145,Jack O'Briant,Corporate,United States,Philadelphia,Pennsylvania,19140,East,3254.95,13,752,True,2026-01-01,9999-12-31,1,2026-01-01T00:00:00
JO-15280,Jas O'Carroll,Consumer,United States,Los Angeles,California,90004,West,1934.27,11,692,True,2026-01-01,9999-12-31,1,2026-01-01T00:00:00
JO-15550,Jesus Ocampo,Home Office,United States,Chester,Pennsylvania,19013,East,1090.84,11,745,True,2026-01-01,9999-12-31,1,2026-01-01T00:00:00
JP-15460,Jennifer Patt,Corporate,United States,Oceanside,New York,11572,East,1669.14,15,727,True,2026-01-01,9999-12-31,1,2026-01-01T00:00:00
JP-15520,Jeremy Pistek,Consumer,United States,San Francisco,California,94110,West,3635.59,16,709,True,2026-01-01,9999-12-31,1,2026-01-01T00:00:00
JP-16135,Julie Prescott,Home Office,United States,Columbus,Georgia,31907,South,1707.71,13,681,True,2026-01-01,9999-12-31,1,2026-01-01T00:00:00
JR-15670,Jim Radford,Consumer,United States,Middletown,Connecticut,6457,East,1156.66,3,793,True,2026-01-01,9999-12-31,1,2026-01-01T00:00:00
JR-15700,Jocasta Rupert,Consumer,United States,Jacksonville,Florida,32216,South,863.88,1,653,True,2026-01-01,9999-12-31,1,2026-01-01T00:00:00
JR-16210,Justin Ritter,Corporate,United States,Springfield,Ohio,45503,East,2201.69,10,762,True,2026-01-01,9999-12-31,1,2026-01-01T00:00:00
JS-15595,Jill Stevenson,Corporate,United States,Los Angeles,California,90045,West,1417.65,8,807,True,2026-01-01,9999-12-31,1,2026-01-01T00:00:00
JS-15685,Jim Sink,Corporate,United States,Los Angeles,California,90036,West,1131.06,11,788,True,2026-01-01,9999-12-31,1,2026-01-01T00:00:00
JS-15880,John Stevenson,Consumer,United States,Seattle,Washington,98103,West,3868.02,9,768,True,2026-01-01,9999-12-31,1,2026-01-01T00:00:00
JS-15940,Joni Sundaresam,Home Office,United States,Park Ridge,Illinois,60068,Central,469.17,8,827,True,2026-01-01,9999-12-31,1,2026-01-01T00:00:00
JS-16030,Joy Smith,Consumer,United States,Houston,Texas,77036,Central,2516.49,18,760,True,2026-01-01,9999-12-31,1,2026-01-01T00:00:00
JW-15220,Jane Waco,Corporate,United States,Vancouver,Washington,98661,West,7721.71,14,667,True,2026-01-01,9999-12-31,1,2026-01-01T00:00:00
JW-15955,Joni Wasserman,Consumer,United States,Oakland,California,94601,West,1244.09,11,632,True,2026-01-01,9999-12-31,1,2026-01-01T00:00:00
JW-16075,Julia West,Consumer,United States,Philadelphia,Pennsylvania,19140,East,1428.73,7,741,True,2026-01-01,9999-12-31,1,2026-01-01T00:00:00
KA-16525,Kelly Andreada,Consumer,United States,Ontario,California,91761,West,1519.51,11,620,True,2026-01-01,9999-12-31,1,2026-01-01T00:00:00
KB-16240,Karen Bern,Corporate,United States,Los Angeles,California,90036,West,3152.62,10,647,True,2026-01-01,9999-12-31,1,2026-01-01T00:00:00
KB-16315,Karl Braun,Consumer,United States,Minneapolis,Minnesota,55407,Central,1569.46,22,747,True,2026-01-01,9999-12-31,1,2026-01-01T00:00:00
KB-16405,Katrina Bavinger,Home Office,United States,Apple Valley,California,92307,West,908.82,9,847,True,2026-01-01,9999-12-31,1,2026-01-01T00:00:00
KB-16585,Ken Black,Corporate,United States,Fremont,Nebraska,68025,Central,2744.74,23,727,True,2026-01-01,9999-12-31,1,2026-01-01T00:00:00
KB-16600,Ken Brennan,Corporate,United States,Houston,Texas,77041,Central,983.92,9,735,True,2026-01-01,9999-12-31,1,2026-01-01T00:00:00
KC-16255,Karen Carlisle,Corporate,United States,San Francisco,California,94110,West,2120.95,10,734,True,2026-01-01,9999-12-31,1,2026-01-01T00:00:00
KC-16540,Kelly Collister,Consumer,United States,San Diego,California,92037,West,3908.26,5,794,True,2026-01-01,9999-12-31,1,2026-01-01T00:00:00
KC-16675,Kimberly Carter,Corporate,United States,Seattle,Washington,98105,West,1146.05,7,744,True,2026-01-01,9999-12-31,1,2026-01-01T00:00:00
KD-16270,Karen Daniels,Consumer,United States,Springfield,Virginia,22153,South,8282.36,16,727,True,2026-01-01,9999-12-31,1,2026-01-01T00:00:00
KD-16345,Katherine Ducich,Consumer,United States,San Francisco,California,94122,West,1888.96,10,632,True,2026-01-01,9999-12-31,1,2026-01-01T00:00:00
KD-16495,Keith Dawkins,Corporate,United States,New York City,New York,10009,East,8181.26,28,775,True,2026-01-01,9999-12-31,1,2026-01-01T00:00:00
KD-16615,Ken Dana,Corporate,United States,Scottsdale,Arizona,85254,West,2243.51,13,803,True,2026-01-01,9999-12-31,1,2026-01-01T00:00:00
KE-16420,Katrina Edelman,Corporate,United States,Bristol,Tennessee,37620,South,1686.73,15,786,True,2026-01-01,9999-12-31,1,2026-01-01T00:00:00
KF-16285,Karen Ferguson,Home Office,United States,Manteca,California,95336,West,10604.27,18,714,True,2026-01-01,9999-12-31,1,2026-01-01T00:00:00
KH-16330,Katharine Harms,Corporate,United States,Bowling Green,Kentucky,42104,South,3312.86,18,813,True,2026-01-01,9999-12-31,1,2026-01-01T00:00:00
KH-16360,Katherine Hughes,Consumer,United States,Philadelphia,Pennsylvania,19143,East,3100.61,14,718,True,2026-01-01,9999-12-31,1,2026-01-01T00:00:00
KH-16510,Keith Herrera,Consumer,United States,San Francisco,California,94110,West,5952.86,23,621,True,2026-01-01,9999-12-31,1,2026-01-01T00:00:00
KH-16630,Ken Heidel,Corporate,United States,San Antonio,Texas,78207,Central,3918.97,17,837,True,2026-01-01,9999-12-31,1,2026-01-01T00:00:00
KH-16690,Kristen Hastings,Corporate,United States,San Francisco,California,94110,West,5990.8,15,757,True,2026-01-01,9999-12-31,1,2026-01-01T00:00:00
KL-16555,Kelly Lampkin,Corporate,United States,Colorado Springs,Colorado,80906,West,5016.49,22,637,True,2026-01-01,9999-12-31,1,2026-01-01T00:00:00
KL-16645,Ken Lonsdale,Consumer,United States,Chicago,Illinois,60610,Central,14175.23,29,829,True,2026-01-01,9999-12-31,1,2026-01-01T00:00:00
KM-16225,Kalyca Meade,Corporate,United States,New York City,New York,10011,East,2260.96,19,708,True,2026-01-01,9999-12-31,1,2026-01-01T00:00:00
KM-16375,Katherine Murray,Home Office,United States,Salem,Virginia,24153,South,5620.19,20,650,True,2026-01-01,9999-12-31,1,2026-01-01T00:00:00
KM-16660,Khloe Miller,Consumer,United States,Roswell,Georgia,30076,South,453.54,9,781,True,2026-01-01,9999-12-31,1,2026-01-01T00:00:00
KM-16720,Kunst Miller,Consumer,United States,Los Angeles,California,90004,West,4909.47,28,607,True,2026-01-01,9999-12-31,1,2026-01-01T00:00:00
KN-16390,Katherine Nockton,Corporate,United States,Los Angeles,California,90004,West,2617.27,17,626,True,2026-01-01,9999-12-31,1,2026-01-01T00:00:00
KN-16450,Kean Nguyen,Corporate,United States,Jacksonville,Florida,32216,South,2171.96,8,626,True,2026-01-01,9999-12-31,1,2026-01-01T00:00:00
KN-16705,Kristina Nunn,Home Office,United States,Fort Collins,Colorado,80525,West,2280.58,15,825,True,2026-01-01,9999-12-31,1,2026-01-01T00:00:00
KS-16300,Karen Seio,Corporate,United States,Lehi,Utah,84043,West,88.47,4,620,True,2026-01-01,9999-12-31,1,2026-01-01T00:00:00
KT-16465,Kean Takahito,Consumer,United States,Los Angeles,California,90049,West,3057.1,14,629,True,2026-01-01,9999-12-31,1,2026-01-01T00:00:00
KT-16480,Kean Thornton,Consumer,United States,Buffalo,New York,14215,East,4642.09,13,696,True,2026-01-01,9999-12-31,1,2026-01-01T00:00:00
KW-16435,Katrina Willman,Consumer,United States,New York City,New York,10009,East,4416.52,10,627,True,2026-01-01,9999-12-31,1,2026-01-01T00:00:00
KW-16570,Kelly Williams,Consumer,United States,Clarksville,Tennessee,37042,South,449.1,5,710,True,2026-01-01,9999-12-31,1,2026-01-01T00:00:00
LA-16780,Laura Armstrong,Corporate,United States,Taylor,Michigan,48180,Central,8673.22,26,791,True,2026-01-01,9999-12-31,1,2026-01-01T00:00:00
LB-16735,Larry Blacks,Consumer,United States,Fort Worth,Texas,76106,Central,50.19,3,824,True,2026-01-01,9999-12-31,1,2026-01-01T00:00:00
LB-16795,Laurel Beltran,Home Office,United States,Highland Park,Illinois,60035,Central,4985.68,24,796,True,2026-01-01,9999-12-31,1,2026-01-01T00:00:00
LC-16870,Lena Cacioppo,Consumer,United States,Aurora,Colorado,80013,West,2580.7,30,660,True,2026-01-01,9999-12-31,1,2026-01-01T00:00:00
LC-16885,Lena Creighton,Consumer,United States,Roseville,California,95661,West,7663.13,23,647,True,2026-01-01,9999-12-31,1,2026-01-01T00:00:00
LC-16930,Linda Cazamias,Corporate,United States,Naperville,Illinois,60540,Central,4492.95,14,746,True,2026-01-01,9999-12-31,1,2026-01-01T00:00:00
LC-16960,Lindsay Castell,Home Office,United States,Arlington,Virginia,22204,South,3246.63,7,603,True,2026-01-01,9999-12-31,1,2026-01-01T00:00:00
LC-17050,Liz Carlisle,Consumer,United States,Mission Viejo,California,92691,West,2095.06,9,634,True,2026-01-01,9999-12-31,1,2026-01-01T00:00:00
LC-17140,Logan Currie,Consumer,United States,Dallas,Texas,75220,Central,2633.58,19,791,True,2026-01-01,9999-12-31,1,2026-01-01T00:00:00
LD-16855,Lela Donovan,Corporate,United States,Chicago,Illinois,60653,Central,5.3,1,648,True,2026-01-01,9999-12-31,1,2026-01-01T00:00:00
LD-17005,Lisa DeCherney,Consumer,United States,San Francisco,California,94109,West,1961.93,7,616,True,2026-01-01,9999-12-31,1,2026-01-01T00:00:00
LE-16810,Laurel Elliston,Consumer,United States,Whittier,California,90604,West,1469.45,9,771,True,2026-01-01,9999-12-31,1,2026-01-01T00:00:00
LF-17185,Luke Foster,Consumer,United States,Miami,Florida,33180,South,3930.51,16,819,True,2026-01-01,9999-12-31,1,2026-01-01T00:00:00
LH-16750,Larry Hughes,Consumer,United States,Charlotte,North Carolina,28205,South,287.43,3,757,True,2026-01-01,9999-12-31,1,2026-01-01T00:00:00
LH-16900,Lena Hernandez,Consumer,United States,Dover,Delaware,19901,East,2295.33,15,820,True,2026-01-01,9999-12-31,1,2026-01-01T00:00:00
LH-17020,Lisa Hazard,Consumer,United States,Columbus,Ohio,43229,East,318.24,6,645,True,2026-01-01,9999-12-31,1,2026-01-01T00:00:00
LH-17155,Logan Haushalter,Consumer,United States,San Francisco,California,94109,West,1739.69,19,716,True,2026-01-01,9999-12-31,1,2026-01-01T00:00:00
LL-16840,Lauren Leatherbury,Consumer,United States,Rochester,New York,14609,East,2741.2,12,605,True,2026-01-01,9999-12-31,1,2026-01-01T00:00:00
LM-17065,Liz MacKendrick,Consumer,United States,Springfield,Ohio,45503,East,1346.77,7,698,True,2026-01-01,9999-12-31,1,2026-01-01T00:00:00
LO-17170,Lori Olson,Corporate,United States,La Quinta,California,92253,West,644.35,9,723,True,2026-01-01,9999-12-31,1,2026-01-01T00:00:00
LP-17080,Liz Pelletier,Consumer,United States,San Francisco,California,94110,West,756.61,9,832,True,2026-01-01,9999-12-31,1,2026-01-01T00:00:00
LP-17095,Liz Preis,Consumer,United States,Murray,Kentucky,42071,South,3653.4,15,636,True,2026-01-01,9999-12-31,1,2026-01-01T00:00:00
LR-16915,Lena Radford,Consumer,United States,San Diego,California,92024,West,5142.89,16,623,True,2026-01-01,9999-12-31,1,2026-01-01T00:00:00
LR-17035,Lisa Ryan,Corporate,United States,Philadelphia,Pennsylvania,19134,East,1879.31,12,692,True,2026-01-01,9999-12-31,1,2026-01-01T00:00:00
LS-16945,Linda Southworth,Corporate,United States,Philadelphia,Pennsylvania,19140,East,2845.27,14,840,True,2026-01-01,9999-12-31,1,2026-01-01T00:00:00
LS-16975,Lindsay Shagiari,Home Office,United States,Los Angeles,California,90004,West,2988.67,22,645,True,2026-01-01,9999-12-31,1,2026-01-01T00:00:00
LS-17200,Luke Schmidt,Corporate,United States,Skokie,Illinois,60076,Central,1010.26,14,780,True,2026-01-01,9999-12-31,1,2026-01-01T00:00:00
LS-17230,Lycoris Saunders,Consumer,United States,Dover,Delaware,19901,East,368.88,6,694,True,2026-01-01,9999-12-31,1,2026-01-01T00:00:00
LS-17245,Lynn Smith,Consumer,United States,Gladstone,Missouri,64118,Central,1008.14,12,698,True,2026-01-01,9999-12-31,1,2026-01-01T00:00:00
LT-16765,Larry Tron,Consumer,United States,Escondido,California,92025,West,329.88,3,787,True,2026-01-01,9999-12-31,1,2026-01-01T00:00:00
LT-17110,Liz Thompson,Consumer,United States,Lancaster,California,93534,West,2936.25,14,824,True,2026-01-01,9999-12-31,1,2026-01-01T00:00:00
LW-16825,Laurel Workman,Corporate,United States,Deltona,Florida,32725,South,2238.06,15,715,True,2026-01-01,9999-12-31,1,2026-01-01T00:00:00
LW-16990,Lindsay Williams,Corporate,United States,San Francisco,California,94110,West,3230.31,11,790,True,2026-01-01,9999-12-31,1,2026-01-01T00:00:00
LW-17125,Liz Willingham,Consumer,United States,Norwich,Connecticut,6360,East,1259.04,5,812,True,2026-01-01,9999-12-31,1,2026-01-01T00:00:00
LW-17215,Luke Weiss,Consumer,United States,Pasadena,California,91104,West,5420.51,15,759,True,2026-01-01,9999-12-31,1,2026-01-01T00:00:00
MA-17560,Matt Abelman,Home Office,United States,Houston,Texas,77095,Central,4299.16,34,814,True,2026-01-01,9999-12-31,1,2026-01-01T00:00:00
MA-17995,Michelle Arnett,Home Office,United States,Watertown,New York,13601,East,2453.28,12,760,True,2026-01-01,9999-12-31,1,2026-01-01T00:00:00
MB-17305,Maria Bertelson,Consumer,United States,Akron,Ohio,44312,East,1548.7,19,666,True,2026-01-01,9999-12-31,1,2026-01-01T00:00:00
MB-18085,Mick Brown,Consumer,United States,Vineland,New Jersey,8360,East,1428.23,10,727,True,2026-01-01,9999-12-31,1,2026-01-01T00:00:00
MC-17275,Marc Crier,Consumer,United States,Lafayette,Louisiana,70506,South,2725.98,13,617,True,2026-01-01,9999-12-31,1,2026-01-01T00:00:00
MC-17425,Mark Cousins,Corporate,United States,Mobile,Alabama,36608,South,4432.14,10,624,True,2026-01-01,9999-12-31,1,2026-01-01T00:00:00
MC-17575,Matt Collins,Consumer,United States,Cincinnati,Ohio,45231,East,1303.89,11,833,True,2026-01-01,9999-12-31,1,2026-01-01T00:00:00
MC-17590,Matt Collister,Corporate,United States,Perth Amboy,New Jersey,8861,East,2426.07,17,822,True,2026-01-01,9999-12-31,1,2026-01-01T00:00:00
MC-17605,Matt Connell,Corporate,United States,Detroit,Michigan,48234,Central,2258.19,18,653,True,2026-01-01,9999-12-31,1,2026-01-01T00:00:00
MC-17635,Matthew Clasen,Corporate,United States,Saint Louis,Missouri,63116,Central,795.15,8,657,True,2026-01-01,9999-12-31,1,2026-01-01T00:00:00
MC-17845,Michael Chen,Consumer,United States,Jackson,Mississippi,39212,South,3805.71,14,666,True,2026-01-01,9999-12-31,1,2026-01-01T00:00:00
MC-18100,Mick Crebagga,Consumer,United States,El Paso,Texas,79907,Central,2218.98,19,703,True,2026-01-01,9999-12-31,1,2026-01-01T00:00:00
MC-18130,Mike Caudle,Corporate,United States,Monroe,Louisiana,71203,South,1582.0,11,773,True,2026-01-01,9999-12-31,1,2026-01-01T00:00:00
MD-17350,Maribeth Dona,Consumer,United States,Fayetteville,Arkansas,72701,South,3766.38,17,623,True,2026-01-01,9999-12-31,1,2026-01-01T00:00:00
MD-17860,Michael Dominguez,Corporate,United States,Indianapolis,Indiana,46203,Central,1204.91,8,713,True,2026-01-01,9999-12-31,1,2026-01-01T00:00:00
ME-17320,Maria Etezadi,Home Office,United States,Columbus,Georgia,31907,South,10663.73,22,631,True,2026-01-01,9999-12-31,1,2026-01-01T00:00:00
ME-17725,Max Engle,Consumer,United States,Aurora,Colorado,80013,West,1908.45,13,774,True,2026-01-01,9999-12-31,1,2026-01-01T00:00:00
ME-18010,Michelle Ellison,Corporate,United States,San Francisco,California,94122,West,1256.94,6,685,True,2026-01-01,9999-12-31,1,2026-01-01T00:00:00
MF-17665,Maureen Fritzler,Corporate,United States,Toledo,Ohio,43615,East,937.04,8,750,True,2026-01-01,9999-12-31,1,2026-01-01T00:00:00
MF-18250,Monica Federle,Corporate,United States,Los Angeles,California,90036,West,1758.3,12,793,True,2026-01-01,9999-12-31,1,2026-01-01T00:00:00
MG-17650,Matthew Grinstein,Home Office,United States,Philadelphia,Pennsylvania,19143,East,3785.28,14,726,True,2026-01-01,9999-12-31,1,2026-01-01T00:00:00
MG-17680,Maureen Gastineau,Home Office,United States,Newark,Ohio,43055,East,2350.19,10,754,True,2026-01-01,9999-12-31,1,2026-01-01T00:00:00
MG-17695,Maureen Gnade,Consumer,United States,Buffalo,New York,14215,East,1342.28,7,833,True,2026-01-01,9999-12-31,1,2026-01-01T00:00:00
MG-17875,Michael Grace,Home Office,United States,New York City,New York,10011,East,1242.83,7,729,True,2026-01-01,9999-12-31,1,2026-01-01T00:00:00
MG-17890,Michael Granlund,Home Office,United States,Clinton,Maryland,20735,East,776.38,13,817,True,2026-01-01,9999-12-31,1,2026-01-01T00:00:00
MG-18145,Mike Gockenbach,Consumer,United States,Philadelphia,Pennsylvania,19134,East,3061.54,8,616,True,2026-01-01,9999-12-31,1,2026-01-01T00:00:00
MG-18205,Mitch Gastineau,Corporate,United States,Jacksonville,Florida,32216,South,16.74,2,703,True,2026-01-01,9999-12-31,1,2026-01-01T00:00:00
MH-17290,Marc Harrigan,Home Office,United States,Los Angeles,California,90036,West,2394.02,13,760,True,2026-01-01,9999-12-31,1,2026-01-01T00:00:00
MH-17440,Mark Haberlin,Corporate,United States,New York City,New York,10035,East,400.02,9,736,True,2026-01-01,9999-12-31,1,2026-01-01T00:00:00
MH-17455,Mark Hamilton,Consumer,United States,Jacksonville,North Carolina,28540,South,2456.18,11,642,True,2026-01-01,9999-12-31,1,2026-01-01T00:00:00
MH-17620,Matt Hagelstein,Corporate,United States,San Francisco,California,94110,West,1252.8,6,845,True,2026-01-01,9999-12-31,1,2026-01-01T00:00:00
MH-17785,Maya Herman,Corporate,United States,Lindenhurst,New York,11757,East,2203.78,11,775,True,2026-01-01,9999-12-31,1,2026-01-01T00:00:00
MH-18025,Michelle Huthwaite,Consumer,United States,Seattle,Washington,98115,West,2984.95,10,638,True,2026-01-01,9999-12-31,1,2026-01-01T00:00:00
MH-18115,Mick Hernandez,Home Office,United States,Chester,Pennsylvania,19013,East,5503.09,22,820,True,2026-01-01,9999-12-31,1,2026-01-01T00:00:00
MJ-17740,Max Jones,Consumer,United States,Seattle,Washington,98115,West,6320.75,15,769,True,2026-01-01,9999-12-31,1,2026-01-01T00:00:00
MK-17905,Michael Kennedy,Corporate,United States,Manchester,Connecticut,6040,East,2302.37,17,846,True,2026-01-01,9999-12-31,1,2026-01-01T00:00:00
MK-18160,Mike Kennedy,Consumer,United States,Jacksonville,Florida,32216,South,1031.6,11,625,True,2026-01-01,9999-12-31,1,2026-01-01T00:00:00
ML-17395,Marina Lichtenstein,Corporate,United States,Los Angeles,California,90008,West,2722.84,20,698,True,2026-01-01,9999-12-31,1,2026-01-01T00:00:00
ML-17410,Maris LaWare,Consumer,United States,Fairfield,Connecticut,6824,East,2921.5,15,649,True,2026-01-01,9999-12-31,1,2026-01-01T00:00:00
ML-17755,Max Ludwig,Home Office,United States,Suffolk,Virginia,23434,South,2071.91,13,752,True,2026-01-01,9999-12-31,1,2026-01-01T00:00:00
ML-18040,Michelle Lonsdale,Corporate,United States,Albuquerque,New Mexico,87105,West,742.08,4,751,True,2026-01-01,9999-12-31,1,2026-01-01T00:00:00
ML-18265,Muhammed Lee,Consumer,United States,Seattle,Washington,98103,West,162.23,3,612,True,2026-01-01,9999-12-31,1,2026-01-01T00:00:00
MM-17260,Magdelene Morse,Consumer,United States,Wilmington,Delaware,19805,East,1314.02,6,659,True,2026-01-01,9999-12-31,1,2026-01-01T00:00:00
MM-17920,Michael Moore,Consumer,United States,San Francisco,California,94110,West,3794.08,16,849,True,2026-01-01,9999-12-31,1,2026-01-01T00:00:00
MM-18055,Michelle Moray,Consumer,United States,Seattle,Washington,98115,West,2749.88,19,734,True,2026-01-01,9999-12-31,1,2026-01-01T00:00:00
MM-18280,Muhammed MacIntyre,Corporate,United States,Quincy,Illinois,62301,Central,775.41,12,656,True,2026-01-01,9999-12-31,1,2026-01-01T00:00:00
MN-17935,Michael Nguyen,Consumer,United States,Dallas,Texas,75220,Central,2477.95,10,635,True,2026-01-01,9999-12-31,1,2026-01-01T00:00:00
MO-17500,Mary O'Rourke,Consumer,United States,New York City,New York,10035,East,922.49,5,772,True,2026-01-01,9999-12-31,1,2026-01-01T00:00:00
MO-17800,Meg O'Connel,Home Office,United States,New York City,New York,10009,East,1687.03,11,619,True,2026-01-01,9999-12-31,1,2026-01-01T00:00:00
MO-17950,Michael Oakman,Consumer,United States,Dallas,Texas,75220,Central,154.29,4,664,True,2026-01-01,9999-12-31,1,2026-01-01T00:00:00
MP-17470,Mark Packer,Home Office,United States,New York City,New York,10035,East,3206.13,14,607,True,2026-01-01,9999-12-31,1,2026-01-01T00:00:00
MP-17965,Michael Paige,Corporate,United States,Lawrence,Massachusetts,1841,East,3983.64,20,837,True,2026-01-01,9999-12-31,1,2026-01-01T00:00:00
MP-18175,Mike Pelletier,Home Office,United States,Laguna Niguel,California,92677,West,5087.92,19,743,True,2026-01-01,9999-12-31,1,2026-01-01T00:00:00
MR-17545,Mathew Reese,Home Office,United States,Philadelphia,Pennsylvania,19140,East,639.18,6,741,True,2026-01-01,9999-12-31,1,2026-01-01T00:00:00
MS-17365,Maribeth Schnelling,Consumer,United States,Detroit,Michigan,48227,Central,7443.69,24,803,True,2026-01-01,9999-12-31,1,2026-01-01T00:00:00
MS-17530,MaryBeth Skach,Consumer,United States,San Diego,California,92037,West,475.66,7,714,True,2026-01-01,9999-12-31,1,2026-01-01T00:00:00
MS-17710,Maurice Satty,Consumer,United States,Mesa,Arizona,85204,West,1613.4,15,814,True,2026-01-01,9999-12-31,1,2026-01-01T00:00:00
MS-17770,Maxwell Schwartz,Consumer,United States,New York City,New York,10035,East,3144.68,19,742,True,2026-01-01,9999-12-31,1,2026-01-01T00:00:00
MS-17830,Melanie Seite,Consumer,United States,Laredo,Texas,78041,Central,370.35,5,691,True,2026-01-01,9999-12-31,1,2026-01-01T00:00:00
MS-17980,Michael Stewart,Corporate,United States,Dallas,Texas,75220,Central,855.12,11,697,True,2026-01-01,9999-12-31,1,2026-01-01T00:00:00
MT-17815,Meg Tillman,Consumer,United States,Scottsdale,Arizona,85254,West,2890.14,10,665,True,2026-01-01,9999-12-31,1,2026-01-01T00:00:00
MT-18070,Michelle Tran,Home Office,United States,Los Angeles,California,90045,West,1319.45,11,631,True,2026-01-01,9999-12-31,1,2026-01-01T00:00:00
MV-17485,Mark Van Huff,Consumer,United States,Arlington,Virginia,22204,South,1560.05,15,814,True,2026-01-01,9999-12-31,1,2026-01-01T00:00:00
MV-18190,Mike Vittorini,Consumer,United States,New York City,New York,10009,East,1734.57,11,790,True,2026-01-01,9999-12-31,1,2026-01-01T00:00:00
MW-18220,Mitch Webber,Consumer,United States,New York City,New York,10035,East,5341.9,14,685,True,2026-01-01,9999-12-31,1,2026-01-01T00:00:00
MW-18235,Mitch Willingham,Corporate,United States,Virginia Beach,Virginia,23464,South,5253.88,3,650,True,2026-01-01,9999-12-31,1,2026-01-01T00:00:00
MY-17380,Maribeth Yedwab,Corporate,United States,Parker,Colorado,80134,West,2254.28,13,752,True,2026-01-01,9999-12-31,1,2026-01-01T00:00:00
MY-18295,Muhammed Yedwab,Corporate,United States,Grapevine,Texas,76051,Central,4152.7,21,785,True,2026-01-01,9999-12-31,1,2026-01-01T00:00:00
MZ-17335,Maria Zettner,Home Office,United States,San Diego,California,92024,West,593.61,6,662,True,2026-01-01,9999-12-31,1,2026-01-01T00:00:00
MZ-17515,Mary Zewe,Corporate,United States,Redlands,California,92374,West,2564.91,10,789,True,2026-01-01,9999-12-31,1,2026-01-01T00:00:00
NB-18580,Nicole Brennan,Corporate,United States,Philadelphia,Pennsylvania,19134,East,273.87,2,724,True,2026-01-01,9999-12-31,1,2026-01-01T00:00:00
NB-18655,Nona Balk,Corporate,United States,Dallas,Texas,75217,Central,1972.6,17,749,True,2026-01-01,9999-12-31,1,2026-01-01T00:00:00
NC-18340,Nat Carroll,Consumer,United States,Lansing,Michigan,48911,Central,2461.4,17,657,True,2026-01-01,9999-12-31,1,2026-01-01T00:00:00
NC-18415,Nathan Cano,Consumer,United States,Jacksonville,North Carolina,28540,South,2218.99,14,657,True,2026-01-01,9999-12-31,1,2026-01-01T00:00:00
NC-18535,Nick Crebassa,Corporate,United States,Dallas,Texas,75217,Central,8241.74,15,685,True,2026-01-01,9999-12-31,1,2026-01-01T00:00:00
NC-18625,Noah Childs,Corporate,United States,Aurora,Colorado,80013,West,1821.74,9,648,True,2026-01-01,9999-12-31,1,2026-01-01T00:00:00
ND-18370,Natalie DeCherney,Consumer,United States,Louisville,Kentucky,40214,South,4326.14,18,779,True,2026-01-01,9999-12-31,1,2026-01-01T00:00:00
ND-18460,Neil Ducich,Corporate,United States,Macon,Georgia,31204,South,2893.46,8,769,True,2026-01-01,9999-12-31,1,2026-01-01T00:00:00
NF-18385,Natalie Fritzler,Consumer,United States,Jackson,Mississippi,39212,South,8322.83,14,669,True,2026-01-01,9999-12-31,1,2026-01-01T00:00:00
NF-18475,Neil Französisch,Home Office,United States,Rockford,Illinois,61107,Central,377.16,4,614,True,2026-01-01,9999-12-31,1,2026-01-01T00:00:00
NF-18595,Nicole Fjeld,Home Office,United States,New York City,New York,10009,East,2031.47,12,653,True,2026-01-01,9999-12-31,1,2026-01-01T00:00:00
NG-18355,Nat Gilpin,Corporate,United States,New York City,New York,10011,East,1869.58,16,834,True,2026-01-01,9999-12-31,1,2026-01-01T00:00:00
NG-18430,Nathan Gelder,Consumer,United States,Cincinnati,Ohio,45231,East,1395.94,9,787,True,2026-01-01,9999-12-31,1,2026-01-01T00:00:00
NH-18610,Nicole Hansen,Corporate,United States,Irving,Texas,75061,Central,2673.29,11,700,True,2026-01-01,9999-12-31,1,2026-01-01T00:00:00
NK-18490,Neil Knudson,Home Office,United States,Seattle,Washington,98105,West,572.05,11,824,True,2026-01-01,9999-12-31,1,2026-01-01T00:00:00
NL-18310,Nancy Lomonaco,Home Office,United States,Los Angeles,California,90045,West,1418.09,10,607,True,2026-01-01,9999-12-31,1,2026-01-01T00:00:00
NM-18445,Nathan Mautz,Home Office,United States,New York City,New York,10024,East,6459.34,14,652,True,2026-01-01,9999-12-31,1,2026-01-01T00:00:00
NM-18520,Neoma Murray,Consumer,United States,Riverside,California,92503,West,2161.98,15,659,True,2026-01-01,9999-12-31,1,2026-01-01T00:00:00
NP-18325,Naresj Patel,Consumer,United States,Waynesboro,Virginia,22980,South,5529.62,21,835,True,2026-01-01,9999-12-31,1,2026-01-01T00:00:00
NP-18670,Nora Paige,Consumer,United States,Edmond,Oklahoma,73034,Central,3908.4,10,707,True,2026-01-01,9999-12-31,1,2026-01-01T00:00:00
NP-18685,Nora Pelletier,Home Office,United States,Niagara Falls,New York,14304,East,1228.7,7,604,True,2026-01-01,9999-12-31,1,2026-01-01T00:00:00
NP-18700,Nora Preis,Consumer,United States,Fresno,California,93727,West,7903.18,13,702,True,2026-01-01,9999-12-31,1,2026-01-01T00:00:00
NR-18550,Nick Radford,Consumer,United States,Aurora,Illinois,60505,Central,2367.28,13,795,True,2026-01-01,9999-12-31,1,2026-01-01T00:00:00
NS-18505,Neola Schneider,Consumer,United States,Dallas,Texas,75217,Central,2575.86,15,605,True,2026-01-01,9999-12-31,1,2026-01-01T00:00:00
NS-18640,Noel Staavos,Corporate,United States,Chicago,Illinois,60610,Central,2964.82,26,708,True,2026-01-01,9999-12-31,1,2026-01-01T00:00:00
NW-18400,Natalie Webber,Consumer,United States,Tigard,Oregon,97224,West,7234.01,22,823,True,2026-01-01,9999-12-31,1,2026-01-01T00:00:00
NZ-18565,Nick Zandusky,Home Office,United States,Columbus,Ohio,43229,East,2488.31,20,715,True,2026-01-01,9999-12-31,1,2026-01-01T00:00:00
ON-18715,Odella Nelson,Corporate,United States,Eagan,Minnesota,55122,Central,1567.52,15,693,True,2026-01-01,9999-12-31,1,2026-01-01T00:00:00
OT-18730,Olvera Toch,Consumer,United States,Los Angeles,California,90045,West,3818.62,10,646,True,2026-01-01,9999-12-31,1,2026-01-01T00:00:00
PA-19060,Pete Armstrong,Home Office,United States,Orland Park,Illinois,60462,Central,729.41,7,698,True,2026-01-01,9999-12-31,1,2026-01-01T00:00:00
PB-18805,Patrick Bzostek,Home Office,United States,Salt Lake City,Utah,84106,West,740.36,10,654,True,2026-01-01,9999-12-31,1,2026-01-01T00:00:00
PB-19105,Peter Bühler,Consumer,United States,Evanston,Illinois,60201,Central,688.32,5,767,True,2026-01-01,9999-12-31,1,2026-01-01T00:00:00
PB-19150,Philip Brown,Consumer,United States,Los Angeles,California,90004,West,1456.95,11,651,True,2026-01-01,9999-12-31,1,2026-01-01T00:00:00
PB-19210,Phillip Breyer,Corporate,United States,Tulsa,Oklahoma,74133,Central,132.74,2,743,True,2026-01-01,9999-12-31,1,2026-01-01T00:00:00
PC-18745,Pamela Coakley,Corporate,United States,San Francisco,California,94122,West,1832.06,5,612,True,2026-01-01,9999-12-31,1,2026-01-01T00:00:00
PC-19000,Pauline Chand,Home Office,United States,Los Angeles,California,90004,West,1061.49,3,713,True,2026-01-01,9999-12-31,1,2026-01-01T00:00:00
PF-19120,Peter Fuller,Consumer,United States,Gilbert,Arizona,85234,West,9062.86,19,723,True,2026-01-01,9999-12-31,1,2026-01-01T00:00:00
PF-19165,Philip Fox,Consumer,United States,Bloomington,Illinois,61701,Central,2770.0,10,705,True,2026-01-01,9999-12-31,1,2026-01-01T00:00:00
PF-19225,Phillip Flathmann,Consumer,United States,San Francisco,California,94122,West,2206.13,10,757,True,2026-01-01,9999-12-31,1,2026-01-01T00:00:00
PG-18820,Patrick Gardner,Consumer,United States,San Francisco,California,94110,West,3086.91,26,746,True,2026-01-01,9999-12-31,1,2026-01-01T00:00:00
PG-18895,Paul Gonzalez,Consumer,United States,Rochester,Minnesota,55901,Central,1987.16,17,744,True,2026-01-01,9999-12-31,1,2026-01-01T00:00:00
PH-18790,Patricia Hirasaki,Home Office,United States,Lakeland,Florida,33801,South,729.65,2,719,True,2026-01-01,9999-12-31,1,2026-01-01T00:00:00
PJ-18835,Patrick Jones,Corporate,United States,Murfreesboro,Tennessee,37130,South,1220.09,13,662,True,2026-01-01,9999-12-31,1,2026-01-01T00:00:00
PJ-19015,Pauline Johnson,Consumer,United States,Santa Ana,California,92704,West,1824.23,10,618,True,2026-01-01,9999-12-31,1,2026-01-01T00:00:00
PK-18910,Paul Knutson,Home Office,United States,Philadelphia,Pennsylvania,19143,East,1441.15,3,691,True,2026-01-01,9999-12-31,1,2026-01-01T00:00:00
PK-19075,Pete Kriz,Consumer,United States,Madison,Wisconsin,53711,Central,8646.93,25,657,True,2026-01-01,9999-12-31,1,2026-01-01T00:00:00
PL-18925,Paul Lucas,Home Office,United States,Chicago,Illinois,60610,Central,239.48,8,782,True,2026-01-01,9999-12-31,1,2026-01-01T00:00:00
PM-18940,Paul MacIntyre,Consumer,United States,Jackson,Michigan,49201,Central,1405.4,4,689,True,2026-01-01,9999-12-31,1,2026-01-01T00:00:00
PM-19135,Peter McVee,Home Office,United States,Detroit,Michigan,48227,Central,4115.66,7,828,True,2026-01-01,9999-12-31,1,2026-01-01T00:00:00
PN-18775,Parhena Norris,Home Office,United States,New York City,New York,10009,East,1467.15,13,817,True,2026-01-01,9999-12-31,1,2026-01-01T00:00:00
PO-18850,Patrick O'Brill,Consumer,United States,Philadelphia,Pennsylvania,19143,East,7473.83,22,716,True,2026-01-01,9999-12-31,1,2026-01-01T00:00:00
PO-18865,Patrick O'Donnell,Consumer,United States,Westland,Michigan,48185,Central,2493.21,13,661,True,2026-01-01,9999-12-31,1,2026-01-01T00:00:00
PO-19180,Philisse Overcash,Home Office,United States,Chicago,Illinois,60623,Central,4893.04,18,622,True,2026-01-01,9999-12-31,1,2026-01-01T00:00:00
PO-19195,Phillina Ober,Home Office,United States,Naperville,Illinois,60540,Central,1056.86,10,726,True,2026-01-01,9999-12-31,1,2026-01-01T00:00:00
PP-18955,Paul Prost,Home Office,United States,Smyrna,Georgia,30080,South,7252.61,34,736,True,2026-01-01,9999-12-31,1,2026-01-01T00:00:00
PR-18880,Patrick Ryan,Consumer,United States,Oakland,California,94601,West,1840.18,12,739,True,2026-01-01,9999-12-31,1,2026-01-01T00:00:00
PS-18760,Pamela Stobb,Consumer,United States,Los Angeles,California,90008,West,2181.48,21,844,True,2026-01-01,9999-12-31,1,2026-01-01T00:00:00
PS-18970,Paul Stevenson,Home Office,United States,Chicago,Illinois,60610,Central,1278.64,13,728,True,2026-01-01,9999-12-31,1,2026-01-01T00:00:00
PS-19045,Penelope Sewall,Home Office,United States,Charlotte,North Carolina,28205,South,6843.63,13,657,True,2026-01-01,9999-12-31,1,2026-01-01T00:00:00
PT-19090,Pete Takahito,Consumer,United States,Houston,Texas,77070,Central,160.57,7,721,True,2026-01-01,9999-12-31,1,2026-01-01T00:00:00
PV-18985,Paul Van Hugh,Home Office,United States,San Francisco,California,94122,West,2876.05,13,600,True,2026-01-01,9999-12-31,1,2026-01-01T00:00:00
PW-19030,Pauline Webber,Corporate,United States,Richmond,Kentucky,40475,South,3454.92,13,838,True,2026-01-01,9999-12-31,1,2026-01-01T00:00:00
PW-19240,Pierre Wener,Consumer,United States,Louisville,Colorado,80027,West,3922.41,12,633,True,2026-01-01,9999-12-31,1,2026-01-01T00:00:00
QJ-19255,Quincy Jones,Corporate,United States,Saint Paul,Minnesota,55106,Central,6108.34,13,695,True,2026-01-01,9999-12-31,1,2026-01-01T00:00:00
RA-19285,Ralph Arnett,Consumer,United States,New York City,New York,10035,East,2617.91,17,725,True,2026-01-01,9999-12-31,1,2026-01-01T00:00:00
RA-19885,Ruben Ausman,Corporate,United States,Los Angeles,California,90049,West,3832.31,15,717,True,2026-01-01,9999-12-31,1,2026-01-01T00:00:00
RA-19915,Russell Applegate,Consumer,United States,Houston,Texas,77095,Central,4793.54,22,647,True,2026-01-01,9999-12-31,1,2026-01-01T00:00:00
RA-19945,Ryan Akin,Consumer,United States,Murrieta,California,92563,West,1686.92,9,688,True,2026-01-01,9999-12-31,1,2026-01-01T00:00:00
RB-19330,Randy Bradley,Consumer,United States,Philadelphia,Pennsylvania,19143,East,1008.2,6,831,True,2026-01-01,9999-12-31,1,2026-01-01T00:00:00
RB-19360,Raymond Buch,Consumer,United States,Auburn,New York,13021,East,15117.34,18,836,True,2026-01-01,9999-12-31,1,2026-01-01T00:00:00
RB-19435,Richard Bierner,Consumer,United States,Saint Louis,Missouri,63116,Central,2663.09,16,716,True,2026-01-01,9999-12-31,1,2026-01-01T00:00:00
RB-19465,Rick Bensley,Home Office,United States,Chicago,Illinois,60610,Central,4715.47,23,728,True,2026-01-01,9999-12-31,1,2026-01-01T00:00:00
RB-19570,Rob Beeghly,Consumer,United States,Columbus,Indiana,47201,Central,528.55,9,615,True,2026-01-01,9999-12-31,1,2026-01-01T00:00:00
RB-19645,Robert Barroso,Corporate,United States,North Las Vegas,Nevada,89031,West,221.08,7,788,True,2026-01-01,9999-12-31,1,2026-01-01T00:00:00
RB-19705,Roger Barcio,Home Office,United States,Portland,Oregon,97206,West,2067.45,7,830,True,2026-01-01,9999-12-31,1,2026-01-01T00:00:00
RB-19795,Ross Baird,Home Office,United States,Gastonia,North Carolina,28052,South,5633.32,18,791,True,2026-01-01,9999-12-31,1,2026-01-01T00:00:00
RC-19825,Roy Collins,Consumer,United States,Chicago,Illinois,60610,Central,966.41,10,790,True,2026-01-01,9999-12-31,1,2026-01-01T00:00:00
RC-19960,Ryan Crowe,Consumer,United States,Columbus,Ohio,43229,East,885.75,11,668,True,2026-01-01,9999-12-31,1,2026-01-01T00:00:00
RD-19480,Rick Duston,Consumer,United States,Olympia,Washington,98502,West,4272.93,15,621,True,2026-01-01,9999-12-31,1,2026-01-01T00:00:00
RD-19585,Rob Dowd,Consumer,United States,Henderson,Kentucky,42420,South,2912.89,19,692,True,2026-01-01,9999-12-31,1,2026-01-01T00:00:00
RD-19660,Robert Dilbeck,Home Office,United States,Saint Peters,Missouri,63376,Central,2786.63,5,846,True,2026-01-01,9999-12-31,1,2026-01-01T00:00:00
RD-19720,Roger Demir,Consumer,United States,Daytona Beach,Florida,32114,South,1419.74,20,794,True,2026-01-01,9999-12-31,1,2026-01-01T00:00:00
RD-19810,Ross DeVincentis,Home Office,United States,Los Angeles,California,90045,West,1137.62,16,675,True,2026-01-01,9999-12-31,1,2026-01-01T00:00:00
RD-19900,Ruben Dartt,Consumer,United States,Carlsbad,New Mexico,88220,West,3133.92,21,753,True,2026-01-01,9999-12-31,1,2026-01-01T00:00:00
RD-19930,Russell D'Ascenzo,Consumer,United States,Austin,Texas,78745,Central,970.94,10,743,True,2026-01-01,9999-12-31,1,2026-01-01T00:00:00
RE-19405,Ricardo Emerson,Consumer,United States,Kent,Ohio,44240,East,48.36,1,778,True,2026-01-01,9999-12-31,1,2026-01-01T00:00:00
RE-19450,Richard Eichhorn,Consumer,United States,Dallas,Texas,75081,Central,876.7,9,828,True,2026-01-01,9999-12-31,1,2026-01-01T00:00:00
RF-19345,Randy Ferguson,Corporate,United States,Dover,New Hampshire,3820,East,3309.15,16,685,True,2026-01-01,9999-12-31,1,2026-01-01T00:00:00
RF-19735,Roland Fjeld,Consumer,United States,Trenton,Michigan,48183,Central,2341.3,14,784,True,2026-01-01,9999-12-31,1,2026-01-01T00:00:00
RF-19840,Roy Französisch,Consumer,United States,New York City,New York,10024,East,945.22,11,628,True,2026-01-01,9999-12-31,1,2026-01-01T00:00:00
RH-19495,Rick Hansen,Consumer,United States,Rochester,Minnesota,55901,Central,3621.38,8,805,True,2026-01-01,9999-12-31,1,2026-01-01T00:00:00
RH-19510,Rick Huthwaite,Home Office,United States,Providence,Rhode Island,2908,East,6979.18,12,819,True,2026-01-01,9999-12-31,1,2026-01-01T00:00:00
RH-19555,Ritsa Hightower,Consumer,United States,Tallahassee,Florida,32303,South,740.38,3,668,True,2026-01-01,9999-12-31,1,2026-01-01T00:00:00
RH-19600,Rob Haberlin,Consumer,United States,Huntsville,Alabama,35810,South,2085.74,11,646,True,2026-01-01,9999-12-31,1,2026-01-01T00:00:00
RK-19300,Ralph Kennedy,Consumer,United States,Philadelphia,Pennsylvania,19140,East,1460.19,8,840,True,2026-01-01,9999-12-31,1,2026-01-01T00:00:00
RL-19615,Rob Lucas,Consumer,United States,Montgomery,Alabama,36116,South,6234.91,24,693,True,2026-01-01,9999-12-31,1,2026-01-01T00:00:00
RM-19375,Raymond Messe,Consumer,United States,Houston,Texas,77095,Central,1453.47,9,837,True,2026-01-01,9999-12-31,1,2026-01-01T00:00:00
RM-19675,Robert Marley,Home Office,United States,Monroe,Louisiana,71203,South,5979.1,11,789,True,2026-01-01,9999-12-31,1,2026-01-01T00:00:00
RM-19750,Roland Murray,Consumer,United States,New York City,New York,10011,East,98.35,2,843,True,2026-01-01,9999-12-31,1,2026-01-01T00:00:00
RO-19780,Rose O'Brian,Consumer,United States,Memphis,Tennessee,38109,South,3815.48,12,796,True,2026-01-01,9999-12-31,1,2026-01-01T00:00:00
RP-19270,Rachel Payne,Corporate,United States,Riverside,California,92503,West,954.65,12,803,True,2026-01-01,9999-12-31,1,2026-01-01T00:00:00
RP-19390,Resi Pölking,Consumer,United States,Cleveland,Ohio,44105,East,5153.08,25,743,True,2026-01-01,9999-12-31,1,2026-01-01T00:00:00
RP-19855,Roy Phan,Corporate,United States,Kenosha,Wisconsin,53142,Central,2170.72,15,817,True,2026-01-01,9999-12-31,1,2026-01-01T00:00:00
RR-19315,Ralph Ritter,Consumer,United States,San Francisco,California,94110,West,615.93,4,817,True,2026-01-01,9999-12-31,1,2026-01-01T00:00:00
RR-19525,Rick Reed,Corporate,United States,Lowell,Massachusetts,1852,East,3302.26,10,775,True,2026-01-01,9999-12-31,1,2026-01-01T00:00:00
RS-19420,Ricardo Sperren,Corporate,United States,Seattle,Washington,98115,West,3221.29,9,684,True,2026-01-01,9999-12-31,1,2026-01-01T00:00:00
RS-19765,Roland Schwarz,Corporate,United States,Mount Vernon,New York,10550,East,4159.77,14,638,True,2026-01-01,9999-12-31,1,2026-01-01T00:00:00
RS-19870,Roy Skaria,Home Office,United States,Burlington,Iowa,52601,Central,22.33,3,699,True,2026-01-01,9999-12-31,1,2026-01-01T00:00:00
RW-19540,Rick Wilson,Corporate,United States,Mesa,Arizona,85204,West,7397.4,23,632,True,2026-01-01,9999-12-31,1,2026-01-01T00:00:00
RW-19630,Rob Williams,Corporate,United States,Dallas,Texas,75220,Central,3279.75,16,821,True,2026-01-01,9999-12-31,1,2026-01-01T00:00:00
RW-19690,Robert Waldorf,Consumer,United States,Wilmington,North Carolina,28403,South,3495.65,15,700,True,2026-01-01,9999-12-31,1,2026-01-01T00:00:00
SA-20830,Sue Ann Reed,Consumer,United States,Chicago,Illinois,60610,Central,4767.34,21,622,True,2026-01-01,9999-12-31,1,2026-01-01T00:00:00
SB-20170,Sarah Bern,Consumer,United States,New York City,New York,10035,East,1348.02,7,849,True,2026-01-01,9999-12-31,1,2026-01-01T00:00:00
SB-20185,Sarah Brown,Consumer,United States,Concord,New Hampshire,3301,East,6411.0,12,609,True,2026-01-01,9999-12-31,1,2026-01-01T00:00:00
SB-20290,Sean Braxton,Corporate,United States,Houston,Texas,77036,Central,8057.89,17,845,True,2026-01-01,9999-12-31,1,2026-01-01T00:00:00
SC-20020,Sam Craven,Consumer,United States,Plano,Texas,75023,Central,3362.96,17,668,True,2026-01-01,9999-12-31,1,2026-01-01T00:00:00
SC-20050,Sample Company A,Home Office,United States,Norwich,Connecticut,6360,East,4624.57,15,699,True,2026-01-01,9999-12-31,1,2026-01-01T00:00:00
SC-20095,Sanjit Chand,Consumer,United States,Concord,California,94521,West,14142.33,22,633,True,2026-01-01,9999-12-31,1,2026-01-01T00:00:00
SC-20230,Scot Coram,Corporate,United States,Arlington,Texas,76017,Central,4371.96,11,779,True,2026-01-01,9999-12-31,1,2026-01-01T00:00:00
SC-20260,Scott Cohen,Corporate,United States,San Francisco,California,94122,West,3729.79,18,822,True,2026-01-01,9999-12-31,1,2026-01-01T00:00:00
SC-20305,Sean Christensen,Consumer,United States,Rochester Hills,Michigan,48307,Central,3979.06,12,737,True,2026-01-01,9999-12-31,1,2026-01-01T00:00:00
SC-20380,Shahid Collister,Consumer,United States,Seattle,Washington,98115,West,5992.54,20,849,True,2026-01-01,9999-12-31,1,2026-01-01T00:00:00
SC-20440,Shaun Chance,Corporate,United States,Aurora,Colorado,80013,West,1875.0,10,746,True,2026-01-01,9999-12-31,1,2026-01-01T00:00:00
SC-20575,Sonia Cooley,Consumer,United States,Mishawaka,Indiana,46544,Central,902.73,7,785,True,2026-01-01,9999-12-31,1,2026-01-01T00:00:00
SC-20680,Steve Carroll,Home Office,United States,Columbus,Georgia,31907,South,1254.64,8,695,True,2026-01-01,9999-12-31,1,2026-01-01T00:00:00
SC-20695,Steve Chapman,Corporate,United States,Hialeah,Florida,33012,South,2576.41,14,600,True,2026-01-01,9999-12-31,1,2026-01-01T00:00:00
SC-20725,Steven Cartwright,Consumer,United States,Wilmington,Delaware,19805,East,5226.21,26,847,True,2026-01-01,9999-12-31,1,2026-01-01T00:00:00
SC-20770,Stewart Carmichael,Corporate,United States,Decatur,Alabama,35601,South,4492.66,21,668,True,2026-01-01,9999-12-31,1,2026-01-01T00:00:00
SC-20800,Stuart Calhoun,Consumer,United States,Houston,Texas,77041,Central,279.26,5,836,True,2026-01-01,9999-12-31,1,2026-01-01T00:00:00
SC-20845,Sung Chung,Consumer,United States,Arlington Heights,Illinois,60004,Central,280.63,4,603,True,2026-01-01,9999-12-31,1,2026-01-01T00:00:00
SD-20485,Shirley Daniels,Home Office,United States,New Rochelle,New York,10801,East,6121.11,21,615,True,2026-01-01,9999-12-31,1,2026-01-01T00:00:00
SE-20110,Sanjit Engle,Consumer,United States,New York City,New York,10009,East,12209.44,19,623,True,2026-01-01,9999-12-31,1,2026-01-01T00:00:00
SF-20065,Sandra Flanagan,Consumer,United States,Philadelphia,Pennsylvania,19140,East,763.55,9,679,True,2026-01-01,9999-12-31,1,2026-01-01T00:00:00
SF-20200,Sarah Foster,Consumer,United States,Marysville,Washington,98270,West,3422.79,15,846,True,2026-01-01,9999-12-31,1,2026-01-01T00:00:00
SF-20965,Sylvia Foulston,Corporate,United States,Dearborn,Michigan,48126,Central,3336.54,17,601,True,2026-01-01,9999-12-31,1,2026-01-01T00:00:00
SG-20080,Sandra Glassco,Consumer,United States,Independence,Missouri,64055,Central,3406.58,11,840,True,2026-01-01,9999-12-31,1,2026-01-01T00:00:00
SG-20470,Sheri Gordon,Consumer,United States,New York City,New York,10011,East,1884.8,14,819,True,2026-01-01,9999-12-31,1,2026-01-01T00:00:00
SG-20605,Speros Goranitis,Consumer,United States,New York City,New York,10009,East,3124.83,13,727,True,2026-01-01,9999-12-31,1,2026-01-01T00:00:00
SG-20890,Susan Gilcrest,Corporate,United States,Mcallen,Texas,78501,Central,47.95,5,759,True,2026-01-01,9999-12-31,1,2026-01-01T00:00:00
SH-19975,Sally Hughsby,Corporate,United States,San Francisco,California,94122,West,3406.84,29,818,True,2026-01-01,9999-12-31,1,2026-01-01T00:00:00
SH-20395,Shahid Hopkins,Consumer,United States,Arlington,Virginia,22204,South,2180.72,15,683,True,2026-01-01,9999-12-31,1,2026-01-01T00:00:00
SH-20635,Stefanie Holloman,Corporate,United States,Jackson,Tennessee,38301,South,2096.39,2,751,True,2026-01-01,9999-12-31,1,2026-01-01T00:00:00
SJ-20125,Sanjit Jacobs,Home Office,United States,New Brunswick,New Jersey,8901,East,3949.66,24,739,True,2026-01-01,9999-12-31,1,2026-01-01T00:00:00
SJ-20215,Sarah Jordon,Consumer,United States,Grand Prairie,Texas,75051,Central,1341.04,10,777,True,2026-01-01,9999-12-31,1,2026-01-01T00:00:00
SJ-20500,Shirley Jackson,Consumer,United States,Houston,Texas,77036,Central,1318.78,7,762,True,2026-01-01,9999-12-31,1,2026-01-01T00:00:00
SK-19990,Sally Knutson,Consumer,United States,Fairfield,Connecticut,6824,East,883.41,5,723,True,2026-01-01,9999-12-31,1,2026-01-01T00:00:00
SL-20155,Sara Luxemburg,Home Office,United States,Jacksonville,Florida,32216,South,3053.01,9,632,True,2026-01-01,9999-12-31,1,2026-01-01T00:00:00
SM-20005,Sally Matthias,Consumer,United States,New York City,New York,10009,East,244.49,6,760,True,2026-01-01,9999-12-31,1,2026-01-01T00:00:00
SM-20320,Sean Miller,Home Office,United States,Monroe,North Carolina,28110,South,25043.05,15,788,True,2026-01-01,9999-12-31,1,2026-01-01T00:00:00
SM-20905,Susan MacKendrick,Consumer,United States,Newark,Ohio,43055,East,1043.04,6,778,True,2026-01-01,9999-12-31,1,2026-01-01T00:00:00
SM-20950,Suzanne McNair,Corporate,United States,Greenville,North Carolina,27834,South,5563.39,22,770,True,2026-01-01,9999-12-31,1,2026-01-01T00:00:00
SN-20560,Skye Norling,Home Office,United States,Los Angeles,California,90008,West,1860.42,15,700,True,2026-01-01,9999-12-31,1,2026-01-01T00:00:00
SN-20710,Steve Nguyen,Home Office,United States,Houston,Texas,77041,Central,3127.96,19,611,True,2026-01-01,9999-12-31,1,2026-01-01T00:00:00
SO-20335,Sean O'Donnell,Consumer,United States,Fort Lauderdale,Florida,33311,South,2602.58,15,666,True,2026-01-01,9999-12-31,1,2026-01-01T00:00:00
SP-20545,Sibella Parks,Corporate,United States,New York City,New York,10011,East,1306.09,10,664,True,2026-01-01,9999-12-31,1,2026-01-01T00:00:00
SP-20620,Stefania Perrino,Corporate,United States,Philadelphia,Pennsylvania,19134,East,5440.32,24,760,True,2026-01-01,9999-12-31,1,2026-01-01T00:00:00
SP-20650,Stephanie Phelps,Corporate,United States,San Jose,California,95123,West,1872.44,15,767,True,2026-01-01,9999-12-31,1,2026-01-01T00:00:00
SP-20860,Sung Pak,Corporate,United States,Philadelphia,Pennsylvania,19143,East,4282.94,24,673,True,2026-01-01,9999-12-31,1,2026-01-01T00:00:00
SP-20920,Susan Pistek,Consumer,United States,Los Angeles,California,90036,West,3990.69,14,642,True,2026-01-01,9999-12-31,1,2026-01-01T00:00:00
SR-20425,Sharelle Roach,Home Office,United States,Louisville,Colorado,80027,West,3233.48,9,643,True,2026-01-01,9999-12-31,1,2026-01-01T00:00:00
SR-20740,Steven Roelle,Home Office,United States,New York City,New York,10024,East,4345.89,12,628,True,2026-01-01,9999-12-31,1,2026-01-01T00:00:00
SS-20140,Saphhira Shifley,Corporate,United States,Warwick,Rhode Island,2886,East,1324.03,21,740,True,2026-01-01,9999-12-31,1,2026-01-01T00:00:00
SS-20410,Shahid Shariari,Consumer,United States,Los Angeles,California,90008,West,3056.81,12,611,True,2026-01-01,9999-12-31,1,2026-01-01T00:00:00
SS-20515,Shirley Schmidt,Home Office,United States,Louisville,Kentucky,40214,South,613.4,6,694,True,2026-01-01,9999-12-31,1,2026-01-01T00:00:00
SS-20590,Sonia Sunley,Consumer,United States,Seattle,Washington,98115,West,418.49,9,645,True,2026-01-01,9999-12-31,1,2026-01-01T00:00:00
SS-20875,Sung Shariari,Consumer,United States,Dallas,Texas,75220,Central,964.64,15,729,True,2026-01-01,9999-12-31,1,2026-01-01T00:00:00
ST-20530,Shui Tom,Consumer,United States,Parma,Ohio,44134,East,433.34,12,842,True,2026-01-01,9999-12-31,1,2026-01-01T00:00:00
SU-20665,Stephanie Ulpright,Home Office,United States,Jackson,Mississippi,39212,South,2595.36,18,841,True,2026-01-01,9999-12-31,1,2026-01-01T00:00:00
SV-20365,Seth Vernon,Consumer,United States,Dover,Delaware,19901,East,11470.95,32,634,True,2026-01-01,9999-12-31,1,2026-01-01T00:00:00
SV-20785,Stewart Visinsky,Consumer,United States,Pueblo,Colorado,81001,West,4105.3,25,814,True,2026-01-01,9999-12-31,1,2026-01-01T00:00:00
SV-20815,Stuart Van,Corporate,United States,Houston,Texas,77041,Central,1271.09,6,680,True,2026-01-01,9999-12-31,1,2026-01-01T00:00:00
SV-20935,Susan Vittorini,Consumer,United States,New York City,New York,10009,East,1903.49,13,689,True,2026-01-01,9999-12-31,1,2026-01-01T00:00:00
SW-20245,Scot Wooten,Consumer,United States,Stockton,California,95207,West,1085.08,10,607,True,2026-01-01,9999-12-31,1,2026-01-01T00:00:00
SW-20275,Scott Williamson,Consumer,United States,Jackson,Mississippi,39212,South,1966.65,7,692,True,2026-01-01,9999-12-31,1,2026-01-01T00:00:00
SW-20350,Sean Wendt,Home Office,United States,Detroit,Michigan,48227,Central,1019.04,6,753,True,2026-01-01,9999-12-31,1,2026-01-01T00:00:00
SW-20455,Shaun Weien,Consumer,United States,Suffolk,Virginia,23434,South,2921.54,9,801,True,2026-01-01,9999-12-31,1,2026-01-01T00:00:00
SW-20755,Steven Ward,Corporate,United States,New York City,New York,10009,East,758.7,8,689,True,2026-01-01,9999-12-31,1,2026-01-01T00:00:00
SZ-20035,Sam Zeldin,Home Office,United States,Pico Rivera,California,90660,West,3625.33,20,761,True,2026-01-01,9999-12-31,1,2026-01-01T00:00:00
TA-21385,Tom Ashbrook,Home Office,United States,New York City,New York,10024,East,14595.62,10,714,True,2026-01-01,9999-12-31,1,2026-01-01T00:00:00
TB-21055,Ted Butterfield,Consumer,United States,Troy,New York,12180,East,1467.88,18,704,True,2026-01-01,9999-12-31,1,2026-01-01T00:00:00
TB-21175,Thomas Boland,Corporate,United States,Houston,Texas,77041,Central,3589.3,11,734,True,2026-01-01,9999-12-31,1,2026-01-01T00:00:00
TB-21190,Thomas Brumley,Home Office,United States,Fayetteville,Arkansas,72701,South,816.17,4,795,True,2026-01-01,9999-12-31,1,2026-01-01T00:00:00
TB-21250,Tim Brockman,Consumer,United States,New York City,New York,10024,East,1602.38,19,657,True,2026-01-01,9999-12-31,1,2026-01-01T00:00:00
TB-21280,Toby Braunhardt,Consumer,United States,Washington,District of Columbia,20016,East,2198.45,11,844,True,2026-01-01,9999-12-31,1,2026-01-01T00:00:00
TB-21355,Todd Boyes,Corporate,United States,New York City,New York,10009,East,834.33,13,713,True,2026-01-01,9999-12-31,1,2026-01-01T00:00:00
TB-21400,Tom Boeckenhauer,Consumer,United States,Seattle,Washington,98105,West,9133.99,17,836,True,2026-01-01,9999-12-31,1,2026-01-01T00:00:00
TB-21520,Tracy Blumstein,Consumer,United States,Philadelphia,Pennsylvania,19140,East,4737.49,20,674,True,2026-01-01,9999-12-31,1,2026-01-01T00:00:00
TB-21595,Troy Blackwell,Consumer,United States,Columbus,Indiana,47201,Central,1387.56,7,756,True,2026-01-01,9999-12-31,1,2026-01-01T00:00:00
TB-21625,Trudy Brown,Consumer,United States,Grand Prairie,Texas,75051,Central,2797.67,15,719,True,2026-01-01,9999-12-31,1,2026-01-01T00:00:00
TC-20980,Tamara Chand,Corporate,United States,Seattle,Washington,98105,West,19052.22,12,763,True,2026-01-01,9999-12-31,1,2026-01-01T00:00:00
TC-21145,Theresa Coyne,Corporate,United States,Lakewood,New Jersey,8701,East,1038.26,4,816,True,2026-01-01,9999-12-31,1,2026-01-01T00:00:00
TC-21295,Toby Carlisle,Consumer,United States,San Diego,California,92024,West,4266.81,16,620,True,2026-01-01,9999-12-31,1,2026-01-01T00:00:00
TC-21475,Tony Chapman,Home Office,United States,Columbus,Georgia,31907,South,1244.98,11,848,True,2026-01-01,9999-12-31,1,2026-01-01T00:00:00
TC-21535,Tracy Collins,Home Office,United States,Arlington,Virginia,22204,South,742.56,10,763,True,2026-01-01,9999-12-31,1,2026-01-01T00:00:00
TD-20995,Tamara Dahlen,Consumer,United States,Lowell,Massachusetts,1852,East,1434.55,16,737,True,2026-01-01,9999-12-31,1,2026-01-01T00:00:00
TG-21310,Toby Gnade,Consumer,United States,Los Angeles,California,90049,West,3058.37,9,700,True,2026-01-01,9999-12-31,1,2026-01-01T00:00:00
TG-21640,Trudy Glocke,Consumer,United States,Long Beach,California,90805,West,2074.66,10,800,True,2026-01-01,9999-12-31,1,2026-01-01T00:00:00
TH-21100,Thea Hendricks,Consumer,United States,Los Angeles,California,90045,West,2422.82,7,751,True,2026-01-01,9999-12-31,1,2026-01-01T00:00:00
TH-21115,Thea Hudgings,Corporate,United States,Philadelphia,Pennsylvania,19140,East,2942.77,9,791,True,2026-01-01,9999-12-31,1,2026-01-01T00:00:00
TH-21235,Tiffany House,Corporate,United States,Dallas,Texas,75081,Central,1022.2,13,826,True,2026-01-01,9999-12-31,1,2026-01-01T00:00:00
TH-21550,Tracy Hopkins,Home Office,United States,New York City,New York,10035,East,4234.1,13,776,True,2026-01-01,9999-12-31,1,2026-01-01T00:00:00
TM-21010,Tamara Manning,Consumer,United States,San Francisco,California,94122,West,2955.23,19,698,True,2026-01-01,9999-12-31,1,2026-01-01T00:00:00
TM-21490,Tony Molinari,Consumer,United States,Oklahoma City,Oklahoma,73120,Central,1094.68,4,839,True,2026-01-01,9999-12-31,1,2026-01-01T00:00:00
TN-21040,Tanja Norvell,Home Office,United States,Phoenix,Arizona,85023,West,3130.22,12,635,True,2026-01-01,9999-12-31,1,2026-01-01T00:00:00
TP-21130,Theone Pippenger,Consumer,United States,Philadelphia,Pennsylvania,19134,East,4454.06,16,809,True,2026-01-01,9999-12-31,1,2026-01-01T00:00:00
TP-21415,Tom Prescott,Consumer,United States,Seattle,Washington,98115,West,5329.0,10,840,True,2026-01-01,9999-12-31,1,2026-01-01T00:00:00
TP-21565,Tracy Poddar,Corporate,United States,Aurora,Colorado,80013,West,1936.64,10,830,True,2026-01-01,9999-12-31,1,2026-01-01T00:00:00
TR-21325,Toby Ritter,Consumer,United States,Belleville,New Jersey,7109,East,675.94,7,695,True,2026-01-01,9999-12-31,1,2026-01-01T00:00:00
TS-21085,Thais Sissman,Consumer,United States,Phoenix,Arizona,85023,West,4.83,2,751,True,2026-01-01,9999-12-31,1,2026-01-01T00:00:00
TS-21160,Theresa Swint,Corporate,United States,Toledo,Ohio,43615,East,2163.62,17,750,True,2026-01-01,9999-12-31,1,2026-01-01T00:00:00
TS-21205,Thomas Seio,Corporate,United States,Hackensack,New Jersey,7601,East,5371.09,19,789,True,2026-01-01,9999-12-31,1,2026-01-01T00:00:00
TS-21340,Toby Swindell,Consumer,United States,Houston,Texas,77041,Central,974.78,12,823,True,2026-01-01,9999-12-31,1,2026-01-01T00:00:00
TS-21370,Todd Sumrall,Corporate,United States,New York City,New York,10035,East,11891.75,15,636,True,2026-01-01,9999-12-31,1,2026-01-01T00:00:00
TS-21430,Tom Stivers,Corporate,United States,Los Angeles,California,90045,West,2054.14,7,611,True,2026-01-01,9999-12-31,1,2026-01-01T00:00:00
TS-21505,Tony Sayre,Consumer,United States,Columbia,Tennessee,38401,South,2243.27,14,712,True,2026-01-01,9999-12-31,1,2026-01-01T00:00:00
TS-21610,Troy Staebel,Consumer,United States,Phoenix,Arizona,85023,West,2820.42,11,782,True,2026-01-01,9999-12-31,1,2026-01-01T00:00:00
TS-21655,Trudy Schmidt,Consumer,United States,Milwaukee,Wisconsin,53209,Central,3368.09,14,612,True,2026-01-01,9999-12-31,1,2026-01-01T00:00:00
TT-21070,Ted Trevino,Consumer,United States,Los Angeles,California,90045,West,4915.6,14,622,True,2026-01-01,9999-12-31,1,2026-01-01T00:00:00
TT-21220,Thomas Thornton,Consumer,United States,Houston,Texas,77041,Central,1427.04,15,816,True,2026-01-01,9999-12-31,1,2026-01-01T00:00:00
TT-21265,Tim Taslimi,Corporate,United States,Los Angeles,California,90045,West,439.5,3,698,True,2026-01-01,9999-12-31,1,2026-01-01T00:00:00
TT-21460,Tonja Turnell,Home Office,United States,Aurora,Illinois,60505,Central,5364.81,14,704,True,2026-01-01,9999-12-31,1,2026-01-01T00:00:00
TW-21025,Tamara Willingham,Home Office,United States,Scottsdale,Arizona,85254,West,5278.83,12,629,True,2026-01-01,9999-12-31,1,2026-01-01T00:00:00
TZ-21580,Tracy Zic,Consumer,United States,Louisville,Colorado,80027,West,1707.29,9,616,True,2026-01-01,9999-12-31,1,2026-01-01T00:00:00
VB-21745,Victoria Brennan,Corporate,United States,Columbus,Georgia,31907,South,2005.6,10,712,True,2026-01-01,9999-12-31,1,2026-01-01T00:00:00
VD-21670,Valerie Dominguez,Consumer,United States,Columbia,Tennessee,38401,South,6442.25,16,661,True,2026-01-01,9999-12-31,1,2026-01-01T00:00:00
VF-21715,Vicky Freymann,Home Office,United States,Columbus,Indiana,47201,Central,847.94,11,683,True,2026-01-01,9999-12-31,1,2026-01-01T00:00:00
VG-21790,Vivek Gonzalez,Consumer,United States,San Diego,California,92037,West,846.01,8,711,True,2026-01-01,9999-12-31,1,2026-01-01T00:00:00
VG-21805,Vivek Grady,Corporate,United States,Virginia Beach,Virginia,23464,South,427.37,6,816,True,2026-01-01,9999-12-31,1,2026-01-01T00:00:00
VM-21685,Valerie Mitchum,Home Office,United States,Westfield,New Jersey,7090,East,2454.87,12,685,True,2026-01-01,9999-12-31,1,2026-01-01T00:00:00
VM-21835,Vivian Mathis,Consumer,United States,Newark,Delaware,19711,East,380.69,8,740,True,2026-01-01,9999-12-31,1,2026-01-01T00:00:00
VP-21730,Victor Preis,Home Office,United States,Las Vegas,Nevada,89115,West,993.9,5,786,True,2026-01-01,9999-12-31,1,2026-01-01T00:00:00
VP-21760,Victoria Pisteka,Corporate,United States,San Francisco,California,94109,West,3360.53,14,618,True,2026-01-01,9999-12-31,1,2026-01-01T00:00:00
VS-21820,Vivek Sundaresam,Consumer,United States,Los Angeles,California,90036,West,1055.98,8,776,True,2026-01-01,9999-12-31,1,2026-01-01T00:00:00
VT-21700,Valerie Takahito,Home Office,United States,Philadelphia,Pennsylvania,19143,East,1736.6,9,699,True,2026-01-01,9999-12-31,1,2026-01-01T00:00:00
VW-21775,Victoria Wilson,Corporate,United States,Medina,Ohio,44256,East,6134.04,18,739,True,2026-01-01,9999-12-31,1,2026-01-01T00:00:00
WB-21850,William Brown,Consumer,United States,Philadelphia,Pennsylvania,19134,East,6160.1,37,788,True,2026-01-01,9999-12-31,1,2026-01-01T00:00:00
XP-21865,Xylona Preis,Consumer,United States,San Diego,California,92024,West,2374.66,28,832,True,2026-01-01,9999-12-31,1,2026-01-01T00:00:00
YC-21895,Yoseph Carroll,Corporate,United States,San Francisco,California,94110,West,5454.35,8,746,True,2026-01-01,9999-12-31,1,2026-01-01T00:00:00
YS-21880,Yana Sorensen,Corporate,United States,Burlington,North Carolina,27217,South,6720.44,12,675,True,2026-01-01,9999-12-31,1,2026-01-01T00:00:00
ZC-21910,Zuschuss Carroll,Consumer,United States,Salem,Oregon,97301,West,8025.71,31,608,True,2026-01-01,9999-12-31,1,2026-01-01T00:00:00
ZD-21925,Zuschuss Donatelli,Consumer,United States,San Francisco,California,94109,West,1493.94,9,798,True,2026-01-01,9999-12-31,1,2026-01-01T00:00:00
